file,class,method,variable,usage
/Users/martin/repos/Underwatch/game/core/src/main/de/dhbw/tinf22b6/ui/menu/StageManager.java,de.dhbw.tinf22b6.ui.menu.StageManager,setStage/1[de.dhbw.tinf22b6.ui.menu.Stage],currentStage,2
/Users/martin/repos/Underwatch/game/core/src/main/de/dhbw/tinf22b6/ui/menu/StageManager.java,de.dhbw.tinf22b6.ui.menu.StageManager,"StageManager/2[de.dhbw.tinf22b6.ui.menu.Game,de.dhbw.tinf22b6.ui.menu.Music]",game,3
/Users/martin/repos/Underwatch/game/core/src/main/de/dhbw/tinf22b6/ui/menu/StageManager.java,de.dhbw.tinf22b6.ui.menu.StageManager,"StageManager/2[de.dhbw.tinf22b6.ui.menu.Game,de.dhbw.tinf22b6.ui.menu.Music]",music,1
/Users/martin/repos/Underwatch/game/core/src/main/de/dhbw/tinf22b6/ui/menu/StageManager.java,de.dhbw.tinf22b6.ui.menu.StageManager,dispose/0,currentStage,1
/Users/martin/repos/Underwatch/game/core/src/main/de/dhbw/tinf22b6/ui/menu/StageManager.java,de.dhbw.tinf22b6.ui.menu.StageManager,getGame/0,game,1
/Users/martin/repos/Underwatch/game/core/src/main/de/dhbw/tinf22b6/ui/menu/StageManager.java,de.dhbw.tinf22b6.ui.menu.StageManager,getMusic/0,music,1
/Users/martin/repos/Underwatch/game/core/src/main/de/dhbw/tinf22b6/ui/menu/StageManager.java,de.dhbw.tinf22b6.ui.menu.StageManager,drawAndAct/0,currentStage,2
/Users/martin/repos/Underwatch/game/core/src/main/de/dhbw/tinf22b6/ui/menu/StageManager.java,de.dhbw.tinf22b6.ui.menu.StageManager,"resize/2[int,int]",currentStage,1
/Users/martin/repos/Underwatch/game/core/src/main/de/dhbw/tinf22b6/ui/ingame/HudStage.java,de.dhbw.tinf22b6.ui.ingame.HudStage,draw/0,labelHP,1
/Users/martin/repos/Underwatch/game/core/src/main/de/dhbw/tinf22b6/ui/ingame/HudStage.java,de.dhbw.tinf22b6.ui.ingame.HudStage,draw/0,labelAmmo,1
/Users/martin/repos/Underwatch/game/core/src/main/de/dhbw/tinf22b6/ui/ingame/HudStage.java,de.dhbw.tinf22b6.ui.ingame.HudStage,draw/0,labelWeapon,1
/Users/martin/repos/Underwatch/game/core/src/main/de/dhbw/tinf22b6/ui/ingame/HudStage.java,de.dhbw.tinf22b6.ui.ingame.HudStage,draw/0,labelElapsedTime,1
/Users/martin/repos/Underwatch/game/core/src/main/de/dhbw/tinf22b6/ui/ingame/HudStage.java,de.dhbw.tinf22b6.ui.ingame.HudStage,draw/0,labelCoins,1
/Users/martin/repos/Underwatch/game/core/src/main/de/dhbw/tinf22b6/ui/ingame/HudStage.java,de.dhbw.tinf22b6.ui.ingame.HudStage,HudStage/0,labelHP,2
/Users/martin/repos/Underwatch/game/core/src/main/de/dhbw/tinf22b6/ui/ingame/HudStage.java,de.dhbw.tinf22b6.ui.ingame.HudStage,HudStage/0,labelAmmo,6
/Users/martin/repos/Underwatch/game/core/src/main/de/dhbw/tinf22b6/ui/ingame/HudStage.java,de.dhbw.tinf22b6.ui.ingame.HudStage,HudStage/0,labelWeapon,4
/Users/martin/repos/Underwatch/game/core/src/main/de/dhbw/tinf22b6/ui/ingame/HudStage.java,de.dhbw.tinf22b6.ui.ingame.HudStage,HudStage/0,labelElapsedTime,5
/Users/martin/repos/Underwatch/game/core/src/main/de/dhbw/tinf22b6/ui/ingame/HudStage.java,de.dhbw.tinf22b6.ui.ingame.HudStage,HudStage/0,labelCoins,4
/Users/martin/repos/Underwatch/game/core/src/main/de/dhbw/tinf22b6/world/WorldListener.java,de.dhbw.tinf22b6.world.WorldListener,WorldListener/1[de.dhbw.tinf22b6.screen.GameScreen],gameScreen,3
/Users/martin/repos/Underwatch/game/core/src/main/de/dhbw/tinf22b6/world/WorldListener.java,de.dhbw.tinf22b6.world.WorldListener,beginContact/1[de.dhbw.tinf22b6.world.Contact],gameScreen,2
/Users/martin/repos/Underwatch/game/core/src/main/de/dhbw/tinf22b6/world/WorldListener.java,de.dhbw.tinf22b6.world.WorldListener,beginContact/1[de.dhbw.tinf22b6.world.Contact],TAG,2
/Users/martin/repos/Underwatch/game/core/src/main/de/dhbw/tinf22b6/util/PlayerStatistics.java,de.dhbw.tinf22b6.util.PlayerStatistics,enemies_killed/0,enemies_kills,1
/Users/martin/repos/Underwatch/game/core/src/main/de/dhbw/tinf22b6/util/PlayerStatistics.java,de.dhbw.tinf22b6.util.PlayerStatistics,getGameTime/0,gameTime,1
/Users/martin/repos/Underwatch/game/core/src/main/de/dhbw/tinf22b6/util/PlayerStatistics.java,de.dhbw.tinf22b6.util.PlayerStatistics,resetHP/0,initialHP,1
/Users/martin/repos/Underwatch/game/core/src/main/de/dhbw/tinf22b6/util/PlayerStatistics.java,de.dhbw.tinf22b6.util.PlayerStatistics,resetHP/0,hp,1
/Users/martin/repos/Underwatch/game/core/src/main/de/dhbw/tinf22b6/util/PlayerStatistics.java,de.dhbw.tinf22b6.util.PlayerStatistics,cycleWeapon/1[boolean],currentWeaponIndex,3
/Users/martin/repos/Underwatch/game/core/src/main/de/dhbw/tinf22b6/util/PlayerStatistics.java,de.dhbw.tinf22b6.util.PlayerStatistics,cycleWeapon/1[boolean],canSwitchWeapon,3
/Users/martin/repos/Underwatch/game/core/src/main/de/dhbw/tinf22b6/util/PlayerStatistics.java,de.dhbw.tinf22b6.util.PlayerStatistics,reloadWeapons/0,weapons,1
/Users/martin/repos/Underwatch/game/core/src/main/de/dhbw/tinf22b6/util/PlayerStatistics.java,de.dhbw.tinf22b6.util.PlayerStatistics,init/0,enemies_kills,1
/Users/martin/repos/Underwatch/game/core/src/main/de/dhbw/tinf22b6/util/PlayerStatistics.java,de.dhbw.tinf22b6.util.PlayerStatistics,init/0,instance,1
/Users/martin/repos/Underwatch/game/core/src/main/de/dhbw/tinf22b6/util/PlayerStatistics.java,de.dhbw.tinf22b6.util.PlayerStatistics,init/0,initialHP,1
/Users/martin/repos/Underwatch/game/core/src/main/de/dhbw/tinf22b6/util/PlayerStatistics.java,de.dhbw.tinf22b6.util.PlayerStatistics,init/0,coins,1
/Users/martin/repos/Underwatch/game/core/src/main/de/dhbw/tinf22b6/util/PlayerStatistics.java,de.dhbw.tinf22b6.util.PlayerStatistics,init/0,canSwitchWeapon,1
/Users/martin/repos/Underwatch/game/core/src/main/de/dhbw/tinf22b6/util/PlayerStatistics.java,de.dhbw.tinf22b6.util.PlayerStatistics,init/0,hp,2
/Users/martin/repos/Underwatch/game/core/src/main/de/dhbw/tinf22b6/util/PlayerStatistics.java,de.dhbw.tinf22b6.util.PlayerStatistics,init/0,TAG,1
/Users/martin/repos/Underwatch/game/core/src/main/de/dhbw/tinf22b6/util/PlayerStatistics.java,de.dhbw.tinf22b6.util.PlayerStatistics,init/0,weapons,2
/Users/martin/repos/Underwatch/game/core/src/main/de/dhbw/tinf22b6/util/PlayerStatistics.java,de.dhbw.tinf22b6.util.PlayerStatistics,getScore/0,enemies_kills,1
/Users/martin/repos/Underwatch/game/core/src/main/de/dhbw/tinf22b6/util/PlayerStatistics.java,de.dhbw.tinf22b6.util.PlayerStatistics,getScore/0,coins,1
/Users/martin/repos/Underwatch/game/core/src/main/de/dhbw/tinf22b6/util/PlayerStatistics.java,de.dhbw.tinf22b6.util.PlayerStatistics,setWon/0,won,1
/Users/martin/repos/Underwatch/game/core/src/main/de/dhbw/tinf22b6/util/PlayerStatistics.java,de.dhbw.tinf22b6.util.PlayerStatistics,removeCoins/1[int],coins,3
/Users/martin/repos/Underwatch/game/core/src/main/de/dhbw/tinf22b6/util/PlayerStatistics.java,de.dhbw.tinf22b6.util.PlayerStatistics,hp/0,hp,2
/Users/martin/repos/Underwatch/game/core/src/main/de/dhbw/tinf22b6/util/PlayerStatistics.java,de.dhbw.tinf22b6.util.PlayerStatistics,incrementGameTime/1[float],gameTime,1
/Users/martin/repos/Underwatch/game/core/src/main/de/dhbw/tinf22b6/util/PlayerStatistics.java,de.dhbw.tinf22b6.util.PlayerStatistics,hasWon/0,won,1
/Users/martin/repos/Underwatch/game/core/src/main/de/dhbw/tinf22b6/util/PlayerStatistics.java,de.dhbw.tinf22b6.util.PlayerStatistics,getWeapons/0,weapons,1
/Users/martin/repos/Underwatch/game/core/src/main/de/dhbw/tinf22b6/util/PlayerStatistics.java,de.dhbw.tinf22b6.util.PlayerStatistics,pickupWeapon/0,currentWeaponIndex,1
/Users/martin/repos/Underwatch/game/core/src/main/de/dhbw/tinf22b6/util/PlayerStatistics.java,de.dhbw.tinf22b6.util.PlayerStatistics,pickupWeapon/0,weapons,2
/Users/martin/repos/Underwatch/game/core/src/main/de/dhbw/tinf22b6/util/PlayerStatistics.java,de.dhbw.tinf22b6.util.PlayerStatistics,hitHP/0,hp,2
/Users/martin/repos/Underwatch/game/core/src/main/de/dhbw/tinf22b6/util/PlayerStatistics.java,de.dhbw.tinf22b6.util.PlayerStatistics,getCurrentWeapon/0,currentWeaponIndex,1
/Users/martin/repos/Underwatch/game/core/src/main/de/dhbw/tinf22b6/util/PlayerStatistics.java,de.dhbw.tinf22b6.util.PlayerStatistics,getCurrentWeapon/0,weapons,1
/Users/martin/repos/Underwatch/game/core/src/main/de/dhbw/tinf22b6/util/PlayerStatistics.java,de.dhbw.tinf22b6.util.PlayerStatistics,enemyKilled/0,enemies_kills,1
/Users/martin/repos/Underwatch/game/core/src/main/de/dhbw/tinf22b6/util/PlayerStatistics.java,de.dhbw.tinf22b6.util.PlayerStatistics,coins/0,coins,2
/Users/martin/repos/Underwatch/game/core/src/main/de/dhbw/tinf22b6/util/PlayerStatistics.java,de.dhbw.tinf22b6.util.PlayerStatistics,addCoins/1[int],coins,3
/Users/martin/repos/Underwatch/game/core/src/main/de/dhbw/tinf22b6/ui/menu/Settings.java,de.dhbw.tinf22b6.ui.menu.Settings,"Settings/2[de.dhbw.tinf22b6.ui.menu.StageManager,de.dhbw.tinf22b6.ui.menu.Music]",preferences,9
/Users/martin/repos/Underwatch/game/core/src/main/de/dhbw/tinf22b6/world/tiled/TiledSmoothableGraphPath.java,de.dhbw.tinf22b6.world.tiled.TiledSmoothableGraphPath,getNodePosition/1[int],tmpPosition,1
/Users/martin/repos/Underwatch/game/core/src/main/de/dhbw/tinf22b6/world/tiled/TiledSmoothableGraphPath.java,de.dhbw.tinf22b6.world.tiled.TiledSmoothableGraphPath,toString/0,tmpPosition,1
/Users/martin/repos/Underwatch/game/core/src/main/de/dhbw/tinf22b6/world/WorldType.java,de.dhbw.tinf22b6.world.WorldType,WorldType/1[java.lang.String],path,3
/Users/martin/repos/Underwatch/game/core/src/main/de/dhbw/tinf22b6/world/WorldType.java,de.dhbw.tinf22b6.world.WorldType,getMap/0,path,1
/Users/martin/repos/Underwatch/game/core/src/main/de/dhbw/tinf22b6/world/tiled/TiledNode.java,de.dhbw.tinf22b6.world.tiled.TiledNode,getConnections/0,connections,1
/Users/martin/repos/Underwatch/game/core/src/main/de/dhbw/tinf22b6/world/tiled/TiledNode.java,de.dhbw.tinf22b6.world.tiled.TiledNode,"TiledNode/4[int,int,int,de.dhbw.tinf22b6.world.tiled.Array<de.dhbw.tinf22b6.world.tiled.Connection<N>>]",x,3
/Users/martin/repos/Underwatch/game/core/src/main/de/dhbw/tinf22b6/world/tiled/TiledNode.java,de.dhbw.tinf22b6.world.tiled.TiledNode,"TiledNode/4[int,int,int,de.dhbw.tinf22b6.world.tiled.Array<de.dhbw.tinf22b6.world.tiled.Connection<N>>]",y,3
/Users/martin/repos/Underwatch/game/core/src/main/de/dhbw/tinf22b6/world/tiled/TiledNode.java,de.dhbw.tinf22b6.world.tiled.TiledNode,"TiledNode/4[int,int,int,de.dhbw.tinf22b6.world.tiled.Array<de.dhbw.tinf22b6.world.tiled.Connection<N>>]",type,3
/Users/martin/repos/Underwatch/game/core/src/main/de/dhbw/tinf22b6/world/tiled/TiledNode.java,de.dhbw.tinf22b6.world.tiled.TiledNode,"TiledNode/4[int,int,int,de.dhbw.tinf22b6.world.tiled.Array<de.dhbw.tinf22b6.world.tiled.Connection<N>>]",connections,3
/Users/martin/repos/Underwatch/game/core/src/main/de/dhbw/tinf22b6/ui/ingame/InGameStageHandler.java,de.dhbw.tinf22b6.ui.ingame.InGameStageHandler,drawAndAct/0,currentStage,2
/Users/martin/repos/Underwatch/game/core/src/main/de/dhbw/tinf22b6/ui/ingame/InGameStageHandler.java,de.dhbw.tinf22b6.ui.ingame.InGameStageHandler,changeStage/1[java.lang.String],currentStage,6
/Users/martin/repos/Underwatch/game/core/src/main/de/dhbw/tinf22b6/ui/ingame/InGameStageHandler.java,de.dhbw.tinf22b6.ui.ingame.InGameStageHandler,changeStage/1[java.lang.String],stages,4
/Users/martin/repos/Underwatch/game/core/src/main/de/dhbw/tinf22b6/ui/ingame/InGameStageHandler.java,de.dhbw.tinf22b6.ui.ingame.InGameStageHandler,update/0,currentStage,3
/Users/martin/repos/Underwatch/game/core/src/main/de/dhbw/tinf22b6/ui/ingame/InGameStageHandler.java,de.dhbw.tinf22b6.ui.ingame.InGameStageHandler,update/0,gameScreen,2
/Users/martin/repos/Underwatch/game/core/src/main/de/dhbw/tinf22b6/ui/ingame/InGameStageHandler.java,de.dhbw.tinf22b6.ui.ingame.InGameStageHandler,"InGameStageHandler/2[de.dhbw.tinf22b6.ui.ingame.Game,de.dhbw.tinf22b6.screen.GameScreen]",currentStage,1
/Users/martin/repos/Underwatch/game/core/src/main/de/dhbw/tinf22b6/ui/ingame/InGameStageHandler.java,de.dhbw.tinf22b6.ui.ingame.InGameStageHandler,"InGameStageHandler/2[de.dhbw.tinf22b6.ui.ingame.Game,de.dhbw.tinf22b6.screen.GameScreen]",gameScreen,4
/Users/martin/repos/Underwatch/game/core/src/main/de/dhbw/tinf22b6/ui/ingame/InGameStageHandler.java,de.dhbw.tinf22b6.ui.ingame.InGameStageHandler,"InGameStageHandler/2[de.dhbw.tinf22b6.ui.ingame.Game,de.dhbw.tinf22b6.screen.GameScreen]",stages,6
/Users/martin/repos/Underwatch/game/core/src/main/de/dhbw/tinf22b6/ui/ingame/InGameStageHandler.java,de.dhbw.tinf22b6.ui.ingame.InGameStageHandler,"resize/2[int,int]",currentStage,1
/Users/martin/repos/Underwatch/game/core/src/main/de/dhbw/tinf22b6/ai/Box2DLocation.java,de.dhbw.tinf22b6.ai.Box2DLocation,setOrientation/1[float],orientation,3
/Users/martin/repos/Underwatch/game/core/src/main/de/dhbw/tinf22b6/ai/Box2DLocation.java,de.dhbw.tinf22b6.ai.Box2DLocation,getPosition/0,position,1
/Users/martin/repos/Underwatch/game/core/src/main/de/dhbw/tinf22b6/ai/Box2DLocation.java,de.dhbw.tinf22b6.ai.Box2DLocation,Box2DLocation/0,orientation,1
/Users/martin/repos/Underwatch/game/core/src/main/de/dhbw/tinf22b6/ai/Box2DLocation.java,de.dhbw.tinf22b6.ai.Box2DLocation,Box2DLocation/0,position,1
/Users/martin/repos/Underwatch/game/core/src/main/de/dhbw/tinf22b6/ai/Box2DLocation.java,de.dhbw.tinf22b6.ai.Box2DLocation,getOrientation/0,orientation,1
/Users/martin/repos/Underwatch/game/core/src/test/de/dhbw/tinf22b6/world/WorldParserTest.java,de.dhbw.tinf22b6.world.WorldParserTest,setUp/0,map,3
/Users/martin/repos/Underwatch/game/core/src/test/de/dhbw/tinf22b6/world/WorldParserTest.java,de.dhbw.tinf22b6.world.WorldParserTest,setupCorrect/0,map,3
/Users/martin/repos/Underwatch/game/core/src/main/de/dhbw/tinf22b6/gameobject/bullet/LaserBullet.java,de.dhbw.tinf22b6.gameobject.bullet.LaserBullet,render/1[de.dhbw.tinf22b6.gameobject.bullet.Batch],angle,1
/Users/martin/repos/Underwatch/game/core/src/main/de/dhbw/tinf22b6/gameobject/bullet/LaserBullet.java,de.dhbw.tinf22b6.gameobject.bullet.LaserBullet,tick/1[float],r,4
/Users/martin/repos/Underwatch/game/core/src/main/de/dhbw/tinf22b6/gameobject/bullet/LaserBullet.java,de.dhbw.tinf22b6.gameobject.bullet.LaserBullet,tick/1[float],active,2
/Users/martin/repos/Underwatch/game/core/src/main/de/dhbw/tinf22b6/gameobject/bullet/LaserBullet.java,de.dhbw.tinf22b6.gameobject.bullet.LaserBullet,tick/1[float],angle,2
/Users/martin/repos/Underwatch/game/core/src/main/de/dhbw/tinf22b6/gameobject/bullet/LaserBullet.java,de.dhbw.tinf22b6.gameobject.bullet.LaserBullet,tick/1[float],range,1
/Users/martin/repos/Underwatch/game/core/src/main/de/dhbw/tinf22b6/gameobject/bullet/LaserBullet.java,de.dhbw.tinf22b6.gameobject.bullet.LaserBullet,tick/1[float],speed,2
/Users/martin/repos/Underwatch/game/core/src/main/de/dhbw/tinf22b6/gameobject/bullet/LaserBullet.java,de.dhbw.tinf22b6.gameobject.bullet.LaserBullet,"LaserBullet/3[de.dhbw.tinf22b6.gameobject.bullet.Vector2,float,short]",angle,3
/Users/martin/repos/Underwatch/game/core/src/main/de/dhbw/tinf22b6/gameobject/bullet/LaserBullet.java,de.dhbw.tinf22b6.gameobject.bullet.LaserBullet,"LaserBullet/3[de.dhbw.tinf22b6.gameobject.bullet.Vector2,float,short]",active,1
/Users/martin/repos/Underwatch/game/core/src/main/de/dhbw/tinf22b6/gameobject/bullet/LaserBullet.java,de.dhbw.tinf22b6.gameobject.bullet.LaserBullet,"LaserBullet/3[de.dhbw.tinf22b6.gameobject.bullet.Vector2,float,short]",speed,1
/Users/martin/repos/Underwatch/game/core/src/main/de/dhbw/tinf22b6/gameobject/Teleporter.java,de.dhbw.tinf22b6.gameobject.Teleporter,"Teleporter/3[de.dhbw.tinf22b6.gameobject.Vector2,de.dhbw.tinf22b6.gameobject.Rectangle,java.lang.String]",destination,3
/Users/martin/repos/Underwatch/game/core/src/main/de/dhbw/tinf22b6/gameobject/Teleporter.java,de.dhbw.tinf22b6.gameobject.Teleporter,getDestination/0,destination,1
/Users/martin/repos/Underwatch/game/core/src/main/de/dhbw/tinf22b6/util/EntitySystem.java,de.dhbw.tinf22b6.util.EntitySystem,init/1[java.util.List<de.dhbw.tinf22b6.gameobject.GameObject>],TAG,1
/Users/martin/repos/Underwatch/game/core/src/main/de/dhbw/tinf22b6/util/EntitySystem.java,de.dhbw.tinf22b6.util.EntitySystem,init/1[java.util.List<de.dhbw.tinf22b6.gameobject.GameObject>],gameObjects,2
/Users/martin/repos/Underwatch/game/core/src/main/de/dhbw/tinf22b6/util/EntitySystem.java,de.dhbw.tinf22b6.util.EntitySystem,add/1[de.dhbw.tinf22b6.gameobject.GameObject],gameObjects,1
/Users/martin/repos/Underwatch/game/core/src/main/de/dhbw/tinf22b6/util/EntitySystem.java,de.dhbw.tinf22b6.util.EntitySystem,getGameObjects/0,gameObjects,1
/Users/martin/repos/Underwatch/game/core/src/main/de/dhbw/tinf22b6/util/EntitySystem.java,de.dhbw.tinf22b6.util.EntitySystem,remove/1[de.dhbw.tinf22b6.gameobject.GameObject],gameObjects,1
/Users/martin/repos/Underwatch/game/core/src/main/de/dhbw/tinf22b6/util/EntitySystem.java,de.dhbw.tinf22b6.util.EntitySystem,getPlayer/0,gameObjects,1
/Users/martin/repos/Underwatch/game/core/src/main/de/dhbw/tinf22b6/weapon/EnemyWeapon.java,de.dhbw.tinf22b6.weapon.EnemyWeapon,EnemyWeapon/1[de.dhbw.tinf22b6.gameobject.enemy.Enemy],enemy,3
/Users/martin/repos/Underwatch/game/core/src/main/de/dhbw/tinf22b6/weapon/EnemyWeapon.java,de.dhbw.tinf22b6.weapon.EnemyWeapon,shoot/0,enemy,2
/Users/martin/repos/Underwatch/game/core/src/main/de/dhbw/tinf22b6/screen/AbstractGameScreen.java,de.dhbw.tinf22b6.screen.AbstractGameScreen,AbstractGameScreen/1[de.dhbw.tinf22b6.screen.Game],game,3
/Users/martin/repos/Underwatch/game/core/src/main/de/dhbw/tinf22b6/util/CameraHelper.java,de.dhbw.tinf22b6.util.CameraHelper,"setPosition/2[float,float]",position,1
/Users/martin/repos/Underwatch/game/core/src/main/de/dhbw/tinf22b6/util/CameraHelper.java,de.dhbw.tinf22b6.util.CameraHelper,getPosition/0,position,1
/Users/martin/repos/Underwatch/game/core/src/main/de/dhbw/tinf22b6/util/CameraHelper.java,de.dhbw.tinf22b6.util.CameraHelper,setZoom/1[float],MAX_ZOOM_IN,1
/Users/martin/repos/Underwatch/game/core/src/main/de/dhbw/tinf22b6/util/CameraHelper.java,de.dhbw.tinf22b6.util.CameraHelper,setZoom/1[float],zoom,3
/Users/martin/repos/Underwatch/game/core/src/main/de/dhbw/tinf22b6/util/CameraHelper.java,de.dhbw.tinf22b6.util.CameraHelper,setZoom/1[float],MAX_ZOOM_OUT,1
/Users/martin/repos/Underwatch/game/core/src/main/de/dhbw/tinf22b6/util/CameraHelper.java,de.dhbw.tinf22b6.util.CameraHelper,getTarget/0,target,1
/Users/martin/repos/Underwatch/game/core/src/main/de/dhbw/tinf22b6/util/CameraHelper.java,de.dhbw.tinf22b6.util.CameraHelper,applyTo/1[de.dhbw.tinf22b6.util.OrthographicCamera],zoom,1
/Users/martin/repos/Underwatch/game/core/src/main/de/dhbw/tinf22b6/util/CameraHelper.java,de.dhbw.tinf22b6.util.CameraHelper,setTarget/1[de.dhbw.tinf22b6.gameobject.Player],target,3
/Users/martin/repos/Underwatch/game/core/src/main/de/dhbw/tinf22b6/util/CameraHelper.java,de.dhbw.tinf22b6.util.CameraHelper,update/1[float],target,2
/Users/martin/repos/Underwatch/game/core/src/main/de/dhbw/tinf22b6/util/CameraHelper.java,de.dhbw.tinf22b6.util.CameraHelper,hasTarget/0,target,1
/Users/martin/repos/Underwatch/game/core/src/main/de/dhbw/tinf22b6/util/CameraHelper.java,de.dhbw.tinf22b6.util.CameraHelper,hasTarget/1[de.dhbw.tinf22b6.gameobject.Player],target,3
/Users/martin/repos/Underwatch/game/core/src/main/de/dhbw/tinf22b6/util/CameraHelper.java,de.dhbw.tinf22b6.util.CameraHelper,CameraHelper/0,zoom,1
/Users/martin/repos/Underwatch/game/core/src/main/de/dhbw/tinf22b6/util/CameraHelper.java,de.dhbw.tinf22b6.util.CameraHelper,CameraHelper/0,position,1
/Users/martin/repos/Underwatch/game/core/src/main/de/dhbw/tinf22b6/util/CameraHelper.java,de.dhbw.tinf22b6.util.CameraHelper,getZoom/0,zoom,1
/Users/martin/repos/Underwatch/game/core/src/main/de/dhbw/tinf22b6/util/CameraHelper.java,de.dhbw.tinf22b6.util.CameraHelper,addZoom/1[float],zoom,1
/Users/martin/repos/Underwatch/game/core/src/main/de/dhbw/tinf22b6/ui/ingame/GameWonStage.java,de.dhbw.tinf22b6.ui.ingame.GameWonStage,uploadScore/1[java.lang.String],TAG,1
/Users/martin/repos/Underwatch/game/core/src/main/de/dhbw/tinf22b6/ui/ingame/GameWonStage.java,de.dhbw.tinf22b6.ui.ingame.GameWonStage,update/0,lblScore,1
/Users/martin/repos/Underwatch/game/core/src/main/de/dhbw/tinf22b6/ui/ingame/GameWonStage.java,de.dhbw.tinf22b6.ui.ingame.GameWonStage,GameWonStage/1[de.dhbw.tinf22b6.ui.ingame.Game],lblScore,2
/Users/martin/repos/Underwatch/game/core/src/main/de/dhbw/tinf22b6/ui/ingame/GameWonStage.java,de.dhbw.tinf22b6.ui.ingame.GameWonStage,GameWonStage/1[de.dhbw.tinf22b6.ui.ingame.Game],TAG,1
/Users/martin/repos/Underwatch/game/core/src/main/de/dhbw/tinf22b6/gameobject/Player.java,de.dhbw.tinf22b6.gameobject.Player,isDodging/0,dodging,1
/Users/martin/repos/Underwatch/game/core/src/main/de/dhbw/tinf22b6/gameobject/Player.java,de.dhbw.tinf22b6.gameobject.Player,"Player/2[de.dhbw.tinf22b6.gameobject.Vector2,de.dhbw.tinf22b6.gameobject.Camera]",camera,3
/Users/martin/repos/Underwatch/game/core/src/main/de/dhbw/tinf22b6/gameobject/Player.java,de.dhbw.tinf22b6.gameobject.Player,"Player/2[de.dhbw.tinf22b6.gameobject.Vector2,de.dhbw.tinf22b6.gameobject.Camera]",dodgeAnimation,1
/Users/martin/repos/Underwatch/game/core/src/main/de/dhbw/tinf22b6/gameobject/Player.java,de.dhbw.tinf22b6.gameobject.Player,"Player/2[de.dhbw.tinf22b6.gameobject.Vector2,de.dhbw.tinf22b6.gameobject.Camera]",motionVector,1
/Users/martin/repos/Underwatch/game/core/src/main/de/dhbw/tinf22b6/gameobject/Player.java,de.dhbw.tinf22b6.gameobject.Player,"Player/2[de.dhbw.tinf22b6.gameobject.Vector2,de.dhbw.tinf22b6.gameobject.Camera]",speed,1
/Users/martin/repos/Underwatch/game/core/src/main/de/dhbw/tinf22b6/gameobject/Player.java,de.dhbw.tinf22b6.gameobject.Player,render/1[de.dhbw.tinf22b6.gameobject.Batch],dodgeStateTime,1
/Users/martin/repos/Underwatch/game/core/src/main/de/dhbw/tinf22b6/gameobject/Player.java,de.dhbw.tinf22b6.gameobject.Player,render/1[de.dhbw.tinf22b6.gameobject.Batch],dodging,1
/Users/martin/repos/Underwatch/game/core/src/main/de/dhbw/tinf22b6/gameobject/Player.java,de.dhbw.tinf22b6.gameobject.Player,tick/1[float],dodgeStateTime,1
/Users/martin/repos/Underwatch/game/core/src/main/de/dhbw/tinf22b6/gameobject/Player.java,de.dhbw.tinf22b6.gameobject.Player,tick/1[float],motionVector,2
/Users/martin/repos/Underwatch/game/core/src/main/de/dhbw/tinf22b6/gameobject/Player.java,de.dhbw.tinf22b6.gameobject.Player,tick/1[float],dodging,1
/Users/martin/repos/Underwatch/game/core/src/main/de/dhbw/tinf22b6/gameobject/Player.java,de.dhbw.tinf22b6.gameobject.Player,applyForce/1[de.dhbw.tinf22b6.gameobject.Vector2],movedDuringDash,2
/Users/martin/repos/Underwatch/game/core/src/main/de/dhbw/tinf22b6/gameobject/Player.java,de.dhbw.tinf22b6.gameobject.Player,applyForce/1[de.dhbw.tinf22b6.gameobject.Vector2],motionVector,1
/Users/martin/repos/Underwatch/game/core/src/main/de/dhbw/tinf22b6/gameobject/Player.java,de.dhbw.tinf22b6.gameobject.Player,applyForce/1[de.dhbw.tinf22b6.gameobject.Vector2],dodging,1
/Users/martin/repos/Underwatch/game/core/src/main/de/dhbw/tinf22b6/gameobject/Player.java,de.dhbw.tinf22b6.gameobject.Player,applyForce/1[de.dhbw.tinf22b6.gameobject.Vector2],speed,2
/Users/martin/repos/Underwatch/game/core/src/main/de/dhbw/tinf22b6/gameobject/Player.java,de.dhbw.tinf22b6.gameobject.Player,dodge/0,movedDuringDash,1
/Users/martin/repos/Underwatch/game/core/src/main/de/dhbw/tinf22b6/gameobject/Player.java,de.dhbw.tinf22b6.gameobject.Player,dodge/0,dodgeStateTime,1
/Users/martin/repos/Underwatch/game/core/src/main/de/dhbw/tinf22b6/gameobject/Player.java,de.dhbw.tinf22b6.gameobject.Player,dodge/0,dodgeAnimation,2
/Users/martin/repos/Underwatch/game/core/src/main/de/dhbw/tinf22b6/gameobject/Player.java,de.dhbw.tinf22b6.gameobject.Player,dodge/0,dodging,2
/Users/martin/repos/Underwatch/game/core/src/main/de/dhbw/tinf22b6/gameobject/Player.java,de.dhbw.tinf22b6.gameobject.Player,canPickUp/1[de.dhbw.tinf22b6.gameobject.GameObject],interactionTarget,3
/Users/martin/repos/Underwatch/game/core/src/main/de/dhbw/tinf22b6/gameobject/Player.java,de.dhbw.tinf22b6.gameobject.Player,getAngle/0,camera,1
/Users/martin/repos/Underwatch/game/core/src/main/de/dhbw/tinf22b6/gameobject/Player.java,de.dhbw.tinf22b6.gameobject.Player,interact/1[de.dhbw.tinf22b6.gameobject.Player],interactionTarget,2
/Users/martin/repos/Underwatch/game/core/src/main/de/dhbw/tinf22b6/gameobject/Player.java,de.dhbw.tinf22b6.gameobject.Player,getMotionVector/0,motionVector,1
/Users/martin/repos/Underwatch/game/core/src/main/de/dhbw/tinf22b6/world/WorldRenderer.java,de.dhbw.tinf22b6.world.WorldRenderer,renderMapObjects/0,batch,4
/Users/martin/repos/Underwatch/game/core/src/main/de/dhbw/tinf22b6/world/WorldRenderer.java,de.dhbw.tinf22b6.world.WorldRenderer,renderMapObjects/0,camera,1
/Users/martin/repos/Underwatch/game/core/src/main/de/dhbw/tinf22b6/world/WorldRenderer.java,de.dhbw.tinf22b6.world.WorldRenderer,"resize/2[int,int]",camera,1
/Users/martin/repos/Underwatch/game/core/src/main/de/dhbw/tinf22b6/world/WorldRenderer.java,de.dhbw.tinf22b6.world.WorldRenderer,render/0,box2DDebugRenderer,1
/Users/martin/repos/Underwatch/game/core/src/main/de/dhbw/tinf22b6/world/WorldRenderer.java,de.dhbw.tinf22b6.world.WorldRenderer,render/0,renderer,3
/Users/martin/repos/Underwatch/game/core/src/main/de/dhbw/tinf22b6/world/WorldRenderer.java,de.dhbw.tinf22b6.world.WorldRenderer,render/0,rayHandler,2
/Users/martin/repos/Underwatch/game/core/src/main/de/dhbw/tinf22b6/world/WorldRenderer.java,de.dhbw.tinf22b6.world.WorldRenderer,render/0,renderBelow,1
/Users/martin/repos/Underwatch/game/core/src/main/de/dhbw/tinf22b6/world/WorldRenderer.java,de.dhbw.tinf22b6.world.WorldRenderer,render/0,renderAbove,1
/Users/martin/repos/Underwatch/game/core/src/main/de/dhbw/tinf22b6/world/WorldRenderer.java,de.dhbw.tinf22b6.world.WorldRenderer,render/0,camera,2
/Users/martin/repos/Underwatch/game/core/src/main/de/dhbw/tinf22b6/world/WorldRenderer.java,de.dhbw.tinf22b6.world.WorldRenderer,"WorldRenderer/3[de.dhbw.tinf22b6.world.WorldController,de.dhbw.tinf22b6.world.TiledMap,de.dhbw.tinf22b6.world.OrthographicCamera]",box2DDebugRenderer,1
/Users/martin/repos/Underwatch/game/core/src/main/de/dhbw/tinf22b6/world/WorldRenderer.java,de.dhbw.tinf22b6.world.WorldRenderer,"WorldRenderer/3[de.dhbw.tinf22b6.world.WorldController,de.dhbw.tinf22b6.world.TiledMap,de.dhbw.tinf22b6.world.OrthographicCamera]",renderer,1
/Users/martin/repos/Underwatch/game/core/src/main/de/dhbw/tinf22b6/world/WorldRenderer.java,de.dhbw.tinf22b6.world.WorldRenderer,"WorldRenderer/3[de.dhbw.tinf22b6.world.WorldController,de.dhbw.tinf22b6.world.TiledMap,de.dhbw.tinf22b6.world.OrthographicCamera]",rayHandler,7
/Users/martin/repos/Underwatch/game/core/src/main/de/dhbw/tinf22b6/world/WorldRenderer.java,de.dhbw.tinf22b6.world.WorldRenderer,"WorldRenderer/3[de.dhbw.tinf22b6.world.WorldController,de.dhbw.tinf22b6.world.TiledMap,de.dhbw.tinf22b6.world.OrthographicCamera]",renderBelow,1
/Users/martin/repos/Underwatch/game/core/src/main/de/dhbw/tinf22b6/world/WorldRenderer.java,de.dhbw.tinf22b6.world.WorldRenderer,"WorldRenderer/3[de.dhbw.tinf22b6.world.WorldController,de.dhbw.tinf22b6.world.TiledMap,de.dhbw.tinf22b6.world.OrthographicCamera]",worldController,3
/Users/martin/repos/Underwatch/game/core/src/main/de/dhbw/tinf22b6/world/WorldRenderer.java,de.dhbw.tinf22b6.world.WorldRenderer,"WorldRenderer/3[de.dhbw.tinf22b6.world.WorldController,de.dhbw.tinf22b6.world.TiledMap,de.dhbw.tinf22b6.world.OrthographicCamera]",batch,1
/Users/martin/repos/Underwatch/game/core/src/main/de/dhbw/tinf22b6/world/WorldRenderer.java,de.dhbw.tinf22b6.world.WorldRenderer,"WorldRenderer/3[de.dhbw.tinf22b6.world.WorldController,de.dhbw.tinf22b6.world.TiledMap,de.dhbw.tinf22b6.world.OrthographicCamera]",renderAbove,1
/Users/martin/repos/Underwatch/game/core/src/main/de/dhbw/tinf22b6/world/WorldRenderer.java,de.dhbw.tinf22b6.world.WorldRenderer,"WorldRenderer/3[de.dhbw.tinf22b6.world.WorldController,de.dhbw.tinf22b6.world.TiledMap,de.dhbw.tinf22b6.world.OrthographicCamera]",camera,4
/Users/martin/repos/Underwatch/game/core/src/main/de/dhbw/tinf22b6/world/WorldRenderer.java,de.dhbw.tinf22b6.world.WorldRenderer,dispose/0,rayHandler,1
/Users/martin/repos/Underwatch/game/core/src/main/de/dhbw/tinf22b6/world/WorldRenderer.java,de.dhbw.tinf22b6.world.WorldRenderer,dispose/0,batch,1
/Users/martin/repos/Underwatch/game/core/src/main/de/dhbw/tinf22b6/weapon/Weapon.java,de.dhbw.tinf22b6.weapon.Weapon,getRegion/0,weaponStateTime,1
/Users/martin/repos/Underwatch/game/core/src/main/de/dhbw/tinf22b6/weapon/Weapon.java,de.dhbw.tinf22b6.weapon.Weapon,getRegion/0,idleAnimation,1
/Users/martin/repos/Underwatch/game/core/src/main/de/dhbw/tinf22b6/weapon/Weapon.java,de.dhbw.tinf22b6.weapon.Weapon,getRegion/0,shootingAnimation,1
/Users/martin/repos/Underwatch/game/core/src/main/de/dhbw/tinf22b6/weapon/Weapon.java,de.dhbw.tinf22b6.weapon.Weapon,getRegion/0,isShooting,1
/Users/martin/repos/Underwatch/game/core/src/main/de/dhbw/tinf22b6/weapon/Weapon.java,de.dhbw.tinf22b6.weapon.Weapon,"Weapon/3[java.lang.String,int,float]",weaponCooldown,3
/Users/martin/repos/Underwatch/game/core/src/main/de/dhbw/tinf22b6/weapon/Weapon.java,de.dhbw.tinf22b6.weapon.Weapon,"Weapon/3[java.lang.String,int,float]",ammo,4
/Users/martin/repos/Underwatch/game/core/src/main/de/dhbw/tinf22b6/weapon/Weapon.java,de.dhbw.tinf22b6.weapon.Weapon,"Weapon/3[java.lang.String,int,float]",idleAnimation,1
/Users/martin/repos/Underwatch/game/core/src/main/de/dhbw/tinf22b6/weapon/Weapon.java,de.dhbw.tinf22b6.weapon.Weapon,"Weapon/3[java.lang.String,int,float]",sound,1
/Users/martin/repos/Underwatch/game/core/src/main/de/dhbw/tinf22b6/weapon/Weapon.java,de.dhbw.tinf22b6.weapon.Weapon,"Weapon/3[java.lang.String,int,float]",initialAmmo,1
/Users/martin/repos/Underwatch/game/core/src/main/de/dhbw/tinf22b6/weapon/Weapon.java,de.dhbw.tinf22b6.weapon.Weapon,"Weapon/3[java.lang.String,int,float]",shootingAnimation,1
/Users/martin/repos/Underwatch/game/core/src/main/de/dhbw/tinf22b6/weapon/Weapon.java,de.dhbw.tinf22b6.weapon.Weapon,shoot/0,weaponStateTime,1
/Users/martin/repos/Underwatch/game/core/src/main/de/dhbw/tinf22b6/weapon/Weapon.java,de.dhbw.tinf22b6.weapon.Weapon,shoot/0,weaponCooldown,1
/Users/martin/repos/Underwatch/game/core/src/main/de/dhbw/tinf22b6/weapon/Weapon.java,de.dhbw.tinf22b6.weapon.Weapon,shoot/0,ammo,2
/Users/martin/repos/Underwatch/game/core/src/main/de/dhbw/tinf22b6/weapon/Weapon.java,de.dhbw.tinf22b6.weapon.Weapon,shoot/0,remainingWeaponCooldown,2
/Users/martin/repos/Underwatch/game/core/src/main/de/dhbw/tinf22b6/weapon/Weapon.java,de.dhbw.tinf22b6.weapon.Weapon,shoot/0,sound,1
/Users/martin/repos/Underwatch/game/core/src/main/de/dhbw/tinf22b6/weapon/Weapon.java,de.dhbw.tinf22b6.weapon.Weapon,shoot/0,shootingAnimation,1
/Users/martin/repos/Underwatch/game/core/src/main/de/dhbw/tinf22b6/weapon/Weapon.java,de.dhbw.tinf22b6.weapon.Weapon,shoot/0,isShooting,3
/Users/martin/repos/Underwatch/game/core/src/main/de/dhbw/tinf22b6/weapon/Weapon.java,de.dhbw.tinf22b6.weapon.Weapon,reload/0,ammo,1
/Users/martin/repos/Underwatch/game/core/src/main/de/dhbw/tinf22b6/weapon/Weapon.java,de.dhbw.tinf22b6.weapon.Weapon,reload/0,initialAmmo,1
/Users/martin/repos/Underwatch/game/core/src/main/de/dhbw/tinf22b6/weapon/Weapon.java,de.dhbw.tinf22b6.weapon.Weapon,updateRemainingCoolDown/1[float],weaponStateTime,2
/Users/martin/repos/Underwatch/game/core/src/main/de/dhbw/tinf22b6/weapon/Weapon.java,de.dhbw.tinf22b6.weapon.Weapon,updateRemainingCoolDown/1[float],remainingWeaponCooldown,3
/Users/martin/repos/Underwatch/game/core/src/main/de/dhbw/tinf22b6/weapon/Weapon.java,de.dhbw.tinf22b6.weapon.Weapon,updateRemainingCoolDown/1[float],isShooting,1
/Users/martin/repos/Underwatch/game/core/src/main/de/dhbw/tinf22b6/weapon/Weapon.java,de.dhbw.tinf22b6.weapon.Weapon,canShoot/0,ammo,1
/Users/martin/repos/Underwatch/game/core/src/main/de/dhbw/tinf22b6/weapon/Weapon.java,de.dhbw.tinf22b6.weapon.Weapon,canShoot/0,remainingWeaponCooldown,1
/Users/martin/repos/Underwatch/game/core/src/main/de/dhbw/tinf22b6/weapon/Weapon.java,de.dhbw.tinf22b6.weapon.Weapon,canShoot/0,isShooting,1
/Users/martin/repos/Underwatch/game/core/src/main/de/dhbw/tinf22b6/weapon/Weapon.java,de.dhbw.tinf22b6.weapon.Weapon,getAmmo/0,ammo,1
/Users/martin/repos/Underwatch/game/core/src/main/de/dhbw/tinf22b6/world/tiled/FlatTiledNode.java,de.dhbw.tinf22b6.world.tiled.FlatTiledNode,getIndex/0,sizeY,1
/Users/martin/repos/Underwatch/game/core/src/main/de/dhbw/tinf22b6/world/tiled/FlatTiledNode.java,de.dhbw.tinf22b6.world.tiled.FlatTiledNode,"FlatTiledNode/5[int,int,int,int,int]",sizeY,3
/Users/martin/repos/Underwatch/game/core/src/main/de/dhbw/tinf22b6/gameobject/bullet/Bullet.java,de.dhbw.tinf22b6.gameobject.bullet.Bullet,"Bullet/3[de.dhbw.tinf22b6.gameobject.bullet.Vector2,float,short]",angle,3
/Users/martin/repos/Underwatch/game/core/src/main/de/dhbw/tinf22b6/gameobject/bullet/Bullet.java,de.dhbw.tinf22b6.gameobject.bullet.Bullet,"Bullet/3[de.dhbw.tinf22b6.gameobject.bullet.Vector2,float,short]",active,1
/Users/martin/repos/Underwatch/game/core/src/main/de/dhbw/tinf22b6/gameobject/bullet/Bullet.java,de.dhbw.tinf22b6.gameobject.bullet.Bullet,"Bullet/3[de.dhbw.tinf22b6.gameobject.bullet.Vector2,float,short]",speed,1
/Users/martin/repos/Underwatch/game/core/src/main/de/dhbw/tinf22b6/gameobject/bullet/Bullet.java,de.dhbw.tinf22b6.gameobject.bullet.Bullet,render/1[de.dhbw.tinf22b6.gameobject.bullet.Batch],angle,1
/Users/martin/repos/Underwatch/game/core/src/main/de/dhbw/tinf22b6/gameobject/bullet/Bullet.java,de.dhbw.tinf22b6.gameobject.bullet.Bullet,tick/1[float],r,4
/Users/martin/repos/Underwatch/game/core/src/main/de/dhbw/tinf22b6/gameobject/bullet/Bullet.java,de.dhbw.tinf22b6.gameobject.bullet.Bullet,tick/1[float],active,2
/Users/martin/repos/Underwatch/game/core/src/main/de/dhbw/tinf22b6/gameobject/bullet/Bullet.java,de.dhbw.tinf22b6.gameobject.bullet.Bullet,tick/1[float],angle,2
/Users/martin/repos/Underwatch/game/core/src/main/de/dhbw/tinf22b6/gameobject/bullet/Bullet.java,de.dhbw.tinf22b6.gameobject.bullet.Bullet,tick/1[float],range,1
/Users/martin/repos/Underwatch/game/core/src/main/de/dhbw/tinf22b6/gameobject/bullet/Bullet.java,de.dhbw.tinf22b6.gameobject.bullet.Bullet,tick/1[float],speed,2
/Users/martin/repos/Underwatch/game/core/src/main/de/dhbw/tinf22b6/world/WorldController.java,de.dhbw.tinf22b6.world.WorldController,keyDown/1[int],dodge,2
/Users/martin/repos/Underwatch/game/core/src/main/de/dhbw/tinf22b6/world/WorldController.java,de.dhbw.tinf22b6.world.WorldController,keyDown/1[int],gameScreen,1
/Users/martin/repos/Underwatch/game/core/src/main/de/dhbw/tinf22b6/world/WorldController.java,de.dhbw.tinf22b6.world.WorldController,keyDown/1[int],left,1
/Users/martin/repos/Underwatch/game/core/src/main/de/dhbw/tinf22b6/world/WorldController.java,de.dhbw.tinf22b6.world.WorldController,keyDown/1[int],interact,2
/Users/martin/repos/Underwatch/game/core/src/main/de/dhbw/tinf22b6/world/WorldController.java,de.dhbw.tinf22b6.world.WorldController,keyDown/1[int],right,1
/Users/martin/repos/Underwatch/game/core/src/main/de/dhbw/tinf22b6/world/WorldController.java,de.dhbw.tinf22b6.world.WorldController,keyDown/1[int],up,1
/Users/martin/repos/Underwatch/game/core/src/main/de/dhbw/tinf22b6/world/WorldController.java,de.dhbw.tinf22b6.world.WorldController,keyDown/1[int],down,1
/Users/martin/repos/Underwatch/game/core/src/main/de/dhbw/tinf22b6/world/WorldController.java,de.dhbw.tinf22b6.world.WorldController,keyDown/1[int],player,7
/Users/martin/repos/Underwatch/game/core/src/main/de/dhbw/tinf22b6/world/WorldController.java,de.dhbw.tinf22b6.world.WorldController,keyDown/1[int],debugBox2D,2
/Users/martin/repos/Underwatch/game/core/src/main/de/dhbw/tinf22b6/world/WorldController.java,de.dhbw.tinf22b6.world.WorldController,"WorldController/3[de.dhbw.tinf22b6.world.Game,de.dhbw.tinf22b6.world.Camera,de.dhbw.tinf22b6.screen.GameScreen]",game,3
/Users/martin/repos/Underwatch/game/core/src/main/de/dhbw/tinf22b6/world/WorldController.java,de.dhbw.tinf22b6.world.WorldController,"WorldController/3[de.dhbw.tinf22b6.world.Game,de.dhbw.tinf22b6.world.Camera,de.dhbw.tinf22b6.screen.GameScreen]",gameScreen,3
/Users/martin/repos/Underwatch/game/core/src/main/de/dhbw/tinf22b6/world/WorldController.java,de.dhbw.tinf22b6.world.WorldController,"WorldController/3[de.dhbw.tinf22b6.world.Game,de.dhbw.tinf22b6.world.Camera,de.dhbw.tinf22b6.screen.GameScreen]",camera,3
/Users/martin/repos/Underwatch/game/core/src/main/de/dhbw/tinf22b6/world/WorldController.java,de.dhbw.tinf22b6.world.WorldController,init/0,cameraHelper,2
/Users/martin/repos/Underwatch/game/core/src/main/de/dhbw/tinf22b6/world/WorldController.java,de.dhbw.tinf22b6.world.WorldController,init/0,camera,1
/Users/martin/repos/Underwatch/game/core/src/main/de/dhbw/tinf22b6/world/WorldController.java,de.dhbw.tinf22b6.world.WorldController,init/0,player,3
/Users/martin/repos/Underwatch/game/core/src/main/de/dhbw/tinf22b6/world/WorldController.java,de.dhbw.tinf22b6.world.WorldController,handleInput/1[float],cameraHelper,4
/Users/martin/repos/Underwatch/game/core/src/main/de/dhbw/tinf22b6/world/WorldController.java,de.dhbw.tinf22b6.world.WorldController,update/1[float],cameraHelper,1
/Users/martin/repos/Underwatch/game/core/src/main/de/dhbw/tinf22b6/world/WorldController.java,de.dhbw.tinf22b6.world.WorldController,"moveCamera/2[float,float]",cameraHelper,3
/Users/martin/repos/Underwatch/game/core/src/main/de/dhbw/tinf22b6/world/WorldController.java,de.dhbw.tinf22b6.world.WorldController,"touchDown/4[int,int,int,int]",player,1
/Users/martin/repos/Underwatch/game/core/src/main/de/dhbw/tinf22b6/world/WorldController.java,de.dhbw.tinf22b6.world.WorldController,keyUp/1[int],game,2
/Users/martin/repos/Underwatch/game/core/src/main/de/dhbw/tinf22b6/world/WorldController.java,de.dhbw.tinf22b6.world.WorldController,keyUp/1[int],cameraHelper,3
/Users/martin/repos/Underwatch/game/core/src/main/de/dhbw/tinf22b6/world/WorldController.java,de.dhbw.tinf22b6.world.WorldController,keyUp/1[int],left,1
/Users/martin/repos/Underwatch/game/core/src/main/de/dhbw/tinf22b6/world/WorldController.java,de.dhbw.tinf22b6.world.WorldController,keyUp/1[int],right,1
/Users/martin/repos/Underwatch/game/core/src/main/de/dhbw/tinf22b6/world/WorldController.java,de.dhbw.tinf22b6.world.WorldController,keyUp/1[int],up,1
/Users/martin/repos/Underwatch/game/core/src/main/de/dhbw/tinf22b6/world/WorldController.java,de.dhbw.tinf22b6.world.WorldController,keyUp/1[int],TAG,2
/Users/martin/repos/Underwatch/game/core/src/main/de/dhbw/tinf22b6/world/WorldController.java,de.dhbw.tinf22b6.world.WorldController,keyUp/1[int],down,1
/Users/martin/repos/Underwatch/game/core/src/main/de/dhbw/tinf22b6/world/WorldController.java,de.dhbw.tinf22b6.world.WorldController,keyUp/1[int],player,3
/Users/martin/repos/Underwatch/game/core/src/main/de/dhbw/tinf22b6/world/tiled/TiledRaycastCollisionDetector.java,de.dhbw.tinf22b6.world.tiled.TiledRaycastCollisionDetector,collides/1[de.dhbw.tinf22b6.world.tiled.Ray<de.dhbw.tinf22b6.world.tiled.Vector2>],worldMap,2
/Users/martin/repos/Underwatch/game/core/src/main/de/dhbw/tinf22b6/world/tiled/TiledRaycastCollisionDetector.java,de.dhbw.tinf22b6.world.tiled.TiledRaycastCollisionDetector,TiledRaycastCollisionDetector/1[de.dhbw.tinf22b6.world.tiled.TiledGraph<N>],worldMap,3
/Users/martin/repos/Underwatch/game/core/src/main/de/dhbw/tinf22b6/gameobject/GameObject.java,de.dhbw.tinf22b6.gameobject.GameObject,"GameObject/3[java.lang.String,de.dhbw.tinf22b6.gameobject.Vector2,short]",collisionMask,3
/Users/martin/repos/Underwatch/game/core/src/main/de/dhbw/tinf22b6/gameobject/GameObject.java,de.dhbw.tinf22b6.gameobject.GameObject,"GameObject/3[java.lang.String,de.dhbw.tinf22b6.gameobject.Vector2,short]",pos,1
/Users/martin/repos/Underwatch/game/core/src/main/de/dhbw/tinf22b6/gameobject/GameObject.java,de.dhbw.tinf22b6.gameobject.GameObject,"GameObject/3[java.lang.String,de.dhbw.tinf22b6.gameobject.Vector2,short]",currentAnimation,1
/Users/martin/repos/Underwatch/game/core/src/main/de/dhbw/tinf22b6/gameobject/GameObject.java,de.dhbw.tinf22b6.gameobject.GameObject,getPos/0,pos,1
/Users/martin/repos/Underwatch/game/core/src/main/de/dhbw/tinf22b6/gameobject/GameObject.java,de.dhbw.tinf22b6.gameobject.GameObject,getBody/0,body,1
/Users/martin/repos/Underwatch/game/core/src/main/de/dhbw/tinf22b6/gameobject/GameObject.java,de.dhbw.tinf22b6.gameobject.GameObject,isRemove/0,remove,1
/Users/martin/repos/Underwatch/game/core/src/main/de/dhbw/tinf22b6/gameobject/GameObject.java,de.dhbw.tinf22b6.gameobject.GameObject,setRemove/1[boolean],remove,3
/Users/martin/repos/Underwatch/game/core/src/main/de/dhbw/tinf22b6/gameobject/GameObject.java,de.dhbw.tinf22b6.gameobject.GameObject,render/1[de.dhbw.tinf22b6.gameobject.Batch],stateTime,1
/Users/martin/repos/Underwatch/game/core/src/main/de/dhbw/tinf22b6/gameobject/GameObject.java,de.dhbw.tinf22b6.gameobject.GameObject,render/1[de.dhbw.tinf22b6.gameobject.Batch],currentAnimation,3
/Users/martin/repos/Underwatch/game/core/src/main/de/dhbw/tinf22b6/gameobject/GameObject.java,de.dhbw.tinf22b6.gameobject.GameObject,render/1[de.dhbw.tinf22b6.gameobject.Batch],body,2
/Users/martin/repos/Underwatch/game/core/src/main/de/dhbw/tinf22b6/gameobject/GameObject.java,de.dhbw.tinf22b6.gameobject.GameObject,tick/1[float],stateTime,1
/Users/martin/repos/Underwatch/game/core/src/main/de/dhbw/tinf22b6/screen/GameScreen.java,de.dhbw.tinf22b6.screen.GameScreen,"resize/2[int,int]",stageHandler,1
/Users/martin/repos/Underwatch/game/core/src/main/de/dhbw/tinf22b6/screen/GameScreen.java,de.dhbw.tinf22b6.screen.GameScreen,"resize/2[int,int]",worldRenderer,1
/Users/martin/repos/Underwatch/game/core/src/main/de/dhbw/tinf22b6/screen/GameScreen.java,de.dhbw.tinf22b6.screen.GameScreen,setPaused/0,paused,1
/Users/martin/repos/Underwatch/game/core/src/main/de/dhbw/tinf22b6/screen/GameScreen.java,de.dhbw.tinf22b6.screen.GameScreen,"GameScreen/2[de.dhbw.tinf22b6.screen.Game,de.dhbw.tinf22b6.world.TiledMap]",map,3
/Users/martin/repos/Underwatch/game/core/src/main/de/dhbw/tinf22b6/screen/GameScreen.java,de.dhbw.tinf22b6.screen.GameScreen,show/0,worldController,2
/Users/martin/repos/Underwatch/game/core/src/main/de/dhbw/tinf22b6/screen/GameScreen.java,de.dhbw.tinf22b6.screen.GameScreen,show/0,stageHandler,1
/Users/martin/repos/Underwatch/game/core/src/main/de/dhbw/tinf22b6/screen/GameScreen.java,de.dhbw.tinf22b6.screen.GameScreen,show/0,worldRenderer,1
/Users/martin/repos/Underwatch/game/core/src/main/de/dhbw/tinf22b6/screen/GameScreen.java,de.dhbw.tinf22b6.screen.GameScreen,show/0,m,2
/Users/martin/repos/Underwatch/game/core/src/main/de/dhbw/tinf22b6/screen/GameScreen.java,de.dhbw.tinf22b6.screen.GameScreen,show/0,map,3
/Users/martin/repos/Underwatch/game/core/src/main/de/dhbw/tinf22b6/screen/GameScreen.java,de.dhbw.tinf22b6.screen.GameScreen,hide/0,m,1
/Users/martin/repos/Underwatch/game/core/src/main/de/dhbw/tinf22b6/screen/GameScreen.java,de.dhbw.tinf22b6.screen.GameScreen,unpause/0,paused,1
/Users/martin/repos/Underwatch/game/core/src/main/de/dhbw/tinf22b6/screen/GameScreen.java,de.dhbw.tinf22b6.screen.GameScreen,unpause/0,worldController,1
/Users/martin/repos/Underwatch/game/core/src/main/de/dhbw/tinf22b6/screen/GameScreen.java,de.dhbw.tinf22b6.screen.GameScreen,isPaused/0,paused,1
/Users/martin/repos/Underwatch/game/core/src/main/de/dhbw/tinf22b6/screen/GameScreen.java,de.dhbw.tinf22b6.screen.GameScreen,render/1[float],paused,1
/Users/martin/repos/Underwatch/game/core/src/main/de/dhbw/tinf22b6/screen/GameScreen.java,de.dhbw.tinf22b6.screen.GameScreen,render/1[float],worldController,1
/Users/martin/repos/Underwatch/game/core/src/main/de/dhbw/tinf22b6/screen/GameScreen.java,de.dhbw.tinf22b6.screen.GameScreen,render/1[float],stageHandler,2
/Users/martin/repos/Underwatch/game/core/src/main/de/dhbw/tinf22b6/screen/GameScreen.java,de.dhbw.tinf22b6.screen.GameScreen,render/1[float],worldRenderer,1
/Users/martin/repos/Underwatch/game/core/src/main/de/dhbw/tinf22b6/screen/GameScreen.java,de.dhbw.tinf22b6.screen.GameScreen,pause/0,paused,1
/Users/martin/repos/Underwatch/game/core/src/main/de/dhbw/tinf22b6/screen/GameScreen.java,de.dhbw.tinf22b6.screen.GameScreen,resume/0,paused,1
/Users/martin/repos/Underwatch/game/core/src/main/de/dhbw/tinf22b6/screen/GameScreen.java,de.dhbw.tinf22b6.screen.GameScreen,changeMap/1[de.dhbw.tinf22b6.world.WorldType],map,1
/Users/martin/repos/Underwatch/game/core/src/main/de/dhbw/tinf22b6/gameobject/interaction/InteractionObject.java,de.dhbw.tinf22b6.gameobject.interaction.InteractionObject,activate/0,activeAnimation,1
/Users/martin/repos/Underwatch/game/core/src/main/de/dhbw/tinf22b6/gameobject/interaction/InteractionObject.java,de.dhbw.tinf22b6.gameobject.interaction.InteractionObject,deactivate/0,inactiveAnimation,1
/Users/martin/repos/Underwatch/game/core/src/main/de/dhbw/tinf22b6/gameobject/interaction/InteractionObject.java,de.dhbw.tinf22b6.gameobject.interaction.InteractionObject,"InteractionObject/3[java.lang.String,de.dhbw.tinf22b6.gameobject.interaction.Vector2,de.dhbw.tinf22b6.gameobject.interaction.Rectangle]",inactiveAnimation,1
/Users/martin/repos/Underwatch/game/core/src/main/de/dhbw/tinf22b6/gameobject/interaction/InteractionObject.java,de.dhbw.tinf22b6.gameobject.interaction.InteractionObject,"InteractionObject/3[java.lang.String,de.dhbw.tinf22b6.gameobject.interaction.Vector2,de.dhbw.tinf22b6.gameobject.interaction.Rectangle]",activeAnimation,1
/Users/martin/repos/Underwatch/game/core/src/main/de/dhbw/tinf22b6/ui/ingame/GameOverStage.java,de.dhbw.tinf22b6.ui.ingame.GameOverStage,uploadScore/1[java.lang.String],TAG,1
/Users/martin/repos/Underwatch/game/core/src/main/de/dhbw/tinf22b6/ui/ingame/GameOverStage.java,de.dhbw.tinf22b6.ui.ingame.GameOverStage,GameOverStage/1[de.dhbw.tinf22b6.ui.ingame.Game],lblScore,2
/Users/martin/repos/Underwatch/game/core/src/main/de/dhbw/tinf22b6/ui/ingame/GameOverStage.java,de.dhbw.tinf22b6.ui.ingame.GameOverStage,GameOverStage/1[de.dhbw.tinf22b6.ui.ingame.Game],TAG,1
/Users/martin/repos/Underwatch/game/core/src/main/de/dhbw/tinf22b6/ui/ingame/GameOverStage.java,de.dhbw.tinf22b6.ui.ingame.GameOverStage,update/0,lblScore,1
/Users/martin/repos/Underwatch/game/core/src/main/de/dhbw/tinf22b6/screen/MenuScreen.java,de.dhbw.tinf22b6.screen.MenuScreen,MenuScreen/1[de.dhbw.tinf22b6.screen.Game],renderer,1
/Users/martin/repos/Underwatch/game/core/src/main/de/dhbw/tinf22b6/screen/MenuScreen.java,de.dhbw.tinf22b6.screen.MenuScreen,MenuScreen/1[de.dhbw.tinf22b6.screen.Game],fbo,1
/Users/martin/repos/Underwatch/game/core/src/main/de/dhbw/tinf22b6/screen/MenuScreen.java,de.dhbw.tinf22b6.screen.MenuScreen,MenuScreen/1[de.dhbw.tinf22b6.screen.Game],blurShader,1
/Users/martin/repos/Underwatch/game/core/src/main/de/dhbw/tinf22b6/screen/MenuScreen.java,de.dhbw.tinf22b6.screen.MenuScreen,MenuScreen/1[de.dhbw.tinf22b6.screen.Game],spriteBatch,2
/Users/martin/repos/Underwatch/game/core/src/main/de/dhbw/tinf22b6/screen/MenuScreen.java,de.dhbw.tinf22b6.screen.MenuScreen,MenuScreen/1[de.dhbw.tinf22b6.screen.Game],camera,1
/Users/martin/repos/Underwatch/game/core/src/main/de/dhbw/tinf22b6/screen/MenuScreen.java,de.dhbw.tinf22b6.screen.MenuScreen,MenuScreen/1[de.dhbw.tinf22b6.screen.Game],defaultShader,1
/Users/martin/repos/Underwatch/game/core/src/main/de/dhbw/tinf22b6/screen/MenuScreen.java,de.dhbw.tinf22b6.screen.MenuScreen,"resize/2[int,int]",spriteBatch,1
/Users/martin/repos/Underwatch/game/core/src/main/de/dhbw/tinf22b6/screen/MenuScreen.java,de.dhbw.tinf22b6.screen.MenuScreen,"resize/2[int,int]",stageManager,1
/Users/martin/repos/Underwatch/game/core/src/main/de/dhbw/tinf22b6/screen/MenuScreen.java,de.dhbw.tinf22b6.screen.MenuScreen,blurTexture/1[de.dhbw.tinf22b6.screen.Texture],MAX_BLUR,2
/Users/martin/repos/Underwatch/game/core/src/main/de/dhbw/tinf22b6/screen/MenuScreen.java,de.dhbw.tinf22b6.screen.MenuScreen,blurTexture/1[de.dhbw.tinf22b6.screen.Texture],blurTargetA,3
/Users/martin/repos/Underwatch/game/core/src/main/de/dhbw/tinf22b6/screen/MenuScreen.java,de.dhbw.tinf22b6.screen.MenuScreen,blurTexture/1[de.dhbw.tinf22b6.screen.Texture],blurTargetB,4
/Users/martin/repos/Underwatch/game/core/src/main/de/dhbw/tinf22b6/screen/MenuScreen.java,de.dhbw.tinf22b6.screen.MenuScreen,blurTexture/1[de.dhbw.tinf22b6.screen.Texture],blurShader,7
/Users/martin/repos/Underwatch/game/core/src/main/de/dhbw/tinf22b6/screen/MenuScreen.java,de.dhbw.tinf22b6.screen.MenuScreen,blurTexture/1[de.dhbw.tinf22b6.screen.Texture],spriteBatch,8
/Users/martin/repos/Underwatch/game/core/src/main/de/dhbw/tinf22b6/screen/MenuScreen.java,de.dhbw.tinf22b6.screen.MenuScreen,blurTexture/1[de.dhbw.tinf22b6.screen.Texture],defaultShader,1
/Users/martin/repos/Underwatch/game/core/src/main/de/dhbw/tinf22b6/screen/MenuScreen.java,de.dhbw.tinf22b6.screen.MenuScreen,hide/0,menuMusic,1
/Users/martin/repos/Underwatch/game/core/src/main/de/dhbw/tinf22b6/screen/MenuScreen.java,de.dhbw.tinf22b6.screen.MenuScreen,render/1[float],fbo,3
/Users/martin/repos/Underwatch/game/core/src/main/de/dhbw/tinf22b6/screen/MenuScreen.java,de.dhbw.tinf22b6.screen.MenuScreen,render/1[float],renderer,2
/Users/martin/repos/Underwatch/game/core/src/main/de/dhbw/tinf22b6/screen/MenuScreen.java,de.dhbw.tinf22b6.screen.MenuScreen,render/1[float],spriteBatch,3
/Users/martin/repos/Underwatch/game/core/src/main/de/dhbw/tinf22b6/screen/MenuScreen.java,de.dhbw.tinf22b6.screen.MenuScreen,render/1[float],camera,1
/Users/martin/repos/Underwatch/game/core/src/main/de/dhbw/tinf22b6/screen/MenuScreen.java,de.dhbw.tinf22b6.screen.MenuScreen,render/1[float],stageManager,1
/Users/martin/repos/Underwatch/game/core/src/main/de/dhbw/tinf22b6/screen/MenuScreen.java,de.dhbw.tinf22b6.screen.MenuScreen,moveCamera/1[float],camera,2
/Users/martin/repos/Underwatch/game/core/src/main/de/dhbw/tinf22b6/screen/MenuScreen.java,de.dhbw.tinf22b6.screen.MenuScreen,moveCamera/1[float],circlePosition,4
/Users/martin/repos/Underwatch/game/core/src/main/de/dhbw/tinf22b6/screen/MenuScreen.java,de.dhbw.tinf22b6.screen.MenuScreen,dispose/0,stageManager,1
/Users/martin/repos/Underwatch/game/core/src/main/de/dhbw/tinf22b6/screen/MenuScreen.java,de.dhbw.tinf22b6.screen.MenuScreen,show/0,menuMusic,4
/Users/martin/repos/Underwatch/game/core/src/main/de/dhbw/tinf22b6/screen/MenuScreen.java,de.dhbw.tinf22b6.screen.MenuScreen,show/0,stageManager,1
/Users/martin/repos/Underwatch/game/core/src/main/de/dhbw/tinf22b6/screen/MenuScreen.java,de.dhbw.tinf22b6.screen.MenuScreen,show/0,camera,1
/Users/martin/repos/Underwatch/game/core/src/main/de/dhbw/tinf22b6/screen/MenuScreen.java,de.dhbw.tinf22b6.screen.MenuScreen,"buildFBO/2[int,int]",fbo,3
/Users/martin/repos/Underwatch/game/core/src/main/de/dhbw/tinf22b6/screen/MenuScreen.java,de.dhbw.tinf22b6.screen.MenuScreen,"buildFBO/2[int,int]",blurTargetA,3
/Users/martin/repos/Underwatch/game/core/src/main/de/dhbw/tinf22b6/screen/MenuScreen.java,de.dhbw.tinf22b6.screen.MenuScreen,"buildFBO/2[int,int]",blurTargetB,3
/Users/martin/repos/Underwatch/game/core/src/main/de/dhbw/tinf22b6/world/tiled/FlatTiledConnection.java,de.dhbw.tinf22b6.world.tiled.FlatTiledConnection,"FlatTiledConnection/3[de.dhbw.tinf22b6.world.tiled.FlatTiledGraph,de.dhbw.tinf22b6.world.tiled.FlatTiledNode,de.dhbw.tinf22b6.world.tiled.FlatTiledNode]",worldMap,3
/Users/martin/repos/Underwatch/game/core/src/main/de/dhbw/tinf22b6/world/tiled/FlatTiledConnection.java,de.dhbw.tinf22b6.world.tiled.FlatTiledConnection,getCost/0,DIAGONAL_COST,1
/Users/martin/repos/Underwatch/game/core/src/main/de/dhbw/tinf22b6/world/WorldParser.java,de.dhbw.tinf22b6.world.WorldParser,parseNavigationMap/1[de.dhbw.tinf22b6.world.TiledMap],TILE_FLOOR,1
/Users/martin/repos/Underwatch/game/core/src/main/de/dhbw/tinf22b6/world/WorldParser.java,de.dhbw.tinf22b6.world.WorldParser,parseNavigationMap/1[de.dhbw.tinf22b6.world.TiledMap],TILE_WALL,1
/Users/martin/repos/Underwatch/game/core/src/main/de/dhbw/tinf22b6/world/WorldParser.java,de.dhbw.tinf22b6.world.WorldParser,parseStaticObjects/1[de.dhbw.tinf22b6.world.TiledMap],TAG,1
/Users/martin/repos/Underwatch/game/core/src/main/de/dhbw/tinf22b6/world/tiled/FlatTiledGraph.java,de.dhbw.tinf22b6.world.tiled.FlatTiledGraph,"getNode/2[int,int]",nodes,1
/Users/martin/repos/Underwatch/game/core/src/main/de/dhbw/tinf22b6/world/tiled/FlatTiledGraph.java,de.dhbw.tinf22b6.world.tiled.FlatTiledGraph,"getNode/2[int,int]",sizeY,1
/Users/martin/repos/Underwatch/game/core/src/main/de/dhbw/tinf22b6/world/tiled/FlatTiledGraph.java,de.dhbw.tinf22b6.world.tiled.FlatTiledGraph,"FlatTiledGraph/2[int[][],boolean]",sizeX,2
/Users/martin/repos/Underwatch/game/core/src/main/de/dhbw/tinf22b6/world/tiled/FlatTiledGraph.java,de.dhbw.tinf22b6.world.tiled.FlatTiledGraph,"FlatTiledGraph/2[int[][],boolean]",nodes,1
/Users/martin/repos/Underwatch/game/core/src/main/de/dhbw/tinf22b6/world/tiled/FlatTiledGraph.java,de.dhbw.tinf22b6.world.tiled.FlatTiledGraph,"FlatTiledGraph/2[int[][],boolean]",startNode,1
/Users/martin/repos/Underwatch/game/core/src/main/de/dhbw/tinf22b6/world/tiled/FlatTiledGraph.java,de.dhbw.tinf22b6.world.tiled.FlatTiledGraph,"FlatTiledGraph/2[int[][],boolean]",diagonal,3
/Users/martin/repos/Underwatch/game/core/src/main/de/dhbw/tinf22b6/world/tiled/FlatTiledGraph.java,de.dhbw.tinf22b6.world.tiled.FlatTiledGraph,"FlatTiledGraph/2[int[][],boolean]",sizeY,2
/Users/martin/repos/Underwatch/game/core/src/main/de/dhbw/tinf22b6/world/tiled/FlatTiledGraph.java,de.dhbw.tinf22b6.world.tiled.FlatTiledGraph,init/1[int[][]],sizeX,9
/Users/martin/repos/Underwatch/game/core/src/main/de/dhbw/tinf22b6/world/tiled/FlatTiledGraph.java,de.dhbw.tinf22b6.world.tiled.FlatTiledGraph,init/1[int[][]],nodes,1
/Users/martin/repos/Underwatch/game/core/src/main/de/dhbw/tinf22b6/world/tiled/FlatTiledGraph.java,de.dhbw.tinf22b6.world.tiled.FlatTiledGraph,init/1[int[][]],diagonal,1
/Users/martin/repos/Underwatch/game/core/src/main/de/dhbw/tinf22b6/world/tiled/FlatTiledGraph.java,de.dhbw.tinf22b6.world.tiled.FlatTiledGraph,init/1[int[][]],sizeY,10
/Users/martin/repos/Underwatch/game/core/src/main/de/dhbw/tinf22b6/world/tiled/FlatTiledGraph.java,de.dhbw.tinf22b6.world.tiled.FlatTiledGraph,getNode/1[int],nodes,1
/Users/martin/repos/Underwatch/game/core/src/main/de/dhbw/tinf22b6/world/tiled/FlatTiledGraph.java,de.dhbw.tinf22b6.world.tiled.FlatTiledGraph,FlatTiledGraph/1[int[][]],sizeX,2
/Users/martin/repos/Underwatch/game/core/src/main/de/dhbw/tinf22b6/world/tiled/FlatTiledGraph.java,de.dhbw.tinf22b6.world.tiled.FlatTiledGraph,FlatTiledGraph/1[int[][]],nodes,1
/Users/martin/repos/Underwatch/game/core/src/main/de/dhbw/tinf22b6/world/tiled/FlatTiledGraph.java,de.dhbw.tinf22b6.world.tiled.FlatTiledGraph,FlatTiledGraph/1[int[][]],startNode,1
/Users/martin/repos/Underwatch/game/core/src/main/de/dhbw/tinf22b6/world/tiled/FlatTiledGraph.java,de.dhbw.tinf22b6.world.tiled.FlatTiledGraph,FlatTiledGraph/1[int[][]],diagonal,1
/Users/martin/repos/Underwatch/game/core/src/main/de/dhbw/tinf22b6/world/tiled/FlatTiledGraph.java,de.dhbw.tinf22b6.world.tiled.FlatTiledGraph,FlatTiledGraph/1[int[][]],sizeY,2
/Users/martin/repos/Underwatch/game/core/src/test/de/dhbw/tinf22b6/world/tiled/TiledRaycastCollisionDetectorTest.java,de.dhbw.tinf22b6.world.tiled.TiledRaycastCollisionDetectorTest,createEmptyWorldMap/0,noObstacles3x3Map,1
/Users/martin/repos/Underwatch/game/core/src/test/de/dhbw/tinf22b6/world/tiled/TiledRaycastCollisionDetectorTest.java,de.dhbw.tinf22b6.world.tiled.TiledRaycastCollisionDetectorTest,createWorldMapWithWall/0,horizontalWall3x3Map,1
/Users/martin/repos/Underwatch/game/core/src/main/de/dhbw/tinf22b6/util/Assets.java,de.dhbw.tinf22b6.util.Assets,"error/2[de.dhbw.tinf22b6.util.AssetDescriptor,java.lang.Throwable]",TAG,1
/Users/martin/repos/Underwatch/game/core/src/main/de/dhbw/tinf22b6/util/Assets.java,de.dhbw.tinf22b6.util.Assets,dispose/0,assetManager,1
/Users/martin/repos/Underwatch/game/core/src/main/de/dhbw/tinf22b6/util/Assets.java,de.dhbw.tinf22b6.util.Assets,getSprite/1[java.lang.String],assetManager,1
/Users/martin/repos/Underwatch/game/core/src/main/de/dhbw/tinf22b6/util/Assets.java,de.dhbw.tinf22b6.util.Assets,init/1[de.dhbw.tinf22b6.util.AssetManager],TAG,2
/Users/martin/repos/Underwatch/game/core/src/main/de/dhbw/tinf22b6/util/Assets.java,de.dhbw.tinf22b6.util.Assets,init/1[de.dhbw.tinf22b6.util.AssetManager],assetManager,9
/Users/martin/repos/Underwatch/game/core/src/main/de/dhbw/tinf22b6/util/Assets.java,de.dhbw.tinf22b6.util.Assets,getAnimationAtlasRegion/1[java.lang.String],assetManager,1
/Users/martin/repos/Underwatch/game/core/src/main/de/dhbw/tinf22b6/util/Assets.java,de.dhbw.tinf22b6.util.Assets,getSkin/0,assetManager,1
/Users/martin/repos/Underwatch/game/core/src/main/de/dhbw/tinf22b6/gameobject/enemy/Enemy.java,de.dhbw.tinf22b6.gameobject.enemy.Enemy,setMaxLinearSpeed/1[float],maxLinearSpeed,3
/Users/martin/repos/Underwatch/game/core/src/main/de/dhbw/tinf22b6/gameobject/enemy/Enemy.java,de.dhbw.tinf22b6.gameobject.enemy.Enemy,tick/1[float],weapon,1
/Users/martin/repos/Underwatch/game/core/src/main/de/dhbw/tinf22b6/gameobject/enemy/Enemy.java,de.dhbw.tinf22b6.gameobject.enemy.Enemy,"Enemy/3[java.lang.String,de.dhbw.tinf22b6.gameobject.enemy.Vector2,int[][]]",weapon,1
/Users/martin/repos/Underwatch/game/core/src/main/de/dhbw/tinf22b6/gameobject/enemy/Enemy.java,de.dhbw.tinf22b6.gameobject.enemy.Enemy,"Enemy/3[java.lang.String,de.dhbw.tinf22b6.gameobject.enemy.Vector2,int[][]]",maxLinearAcceleration,1
/Users/martin/repos/Underwatch/game/core/src/main/de/dhbw/tinf22b6/gameobject/enemy/Enemy.java,de.dhbw.tinf22b6.gameobject.enemy.Enemy,"Enemy/3[java.lang.String,de.dhbw.tinf22b6.gameobject.enemy.Vector2,int[][]]",worldGraph,2
/Users/martin/repos/Underwatch/game/core/src/main/de/dhbw/tinf22b6/gameobject/enemy/Enemy.java,de.dhbw.tinf22b6.gameobject.enemy.Enemy,"Enemy/3[java.lang.String,de.dhbw.tinf22b6.gameobject.enemy.Vector2,int[][]]",health,1
/Users/martin/repos/Underwatch/game/core/src/main/de/dhbw/tinf22b6/gameobject/enemy/Enemy.java,de.dhbw.tinf22b6.gameobject.enemy.Enemy,"Enemy/3[java.lang.String,de.dhbw.tinf22b6.gameobject.enemy.Vector2,int[][]]",maxLinearSpeed,1
/Users/martin/repos/Underwatch/game/core/src/main/de/dhbw/tinf22b6/gameobject/enemy/Enemy.java,de.dhbw.tinf22b6.gameobject.enemy.Enemy,"Enemy/3[java.lang.String,de.dhbw.tinf22b6.gameobject.enemy.Vector2,int[][]]",heuristic,1
/Users/martin/repos/Underwatch/game/core/src/main/de/dhbw/tinf22b6/gameobject/enemy/Enemy.java,de.dhbw.tinf22b6.gameobject.enemy.Enemy,"Enemy/3[java.lang.String,de.dhbw.tinf22b6.gameobject.enemy.Vector2,int[][]]",steeringBehavior,1
/Users/martin/repos/Underwatch/game/core/src/main/de/dhbw/tinf22b6/gameobject/enemy/Enemy.java,de.dhbw.tinf22b6.gameobject.enemy.Enemy,"Enemy/3[java.lang.String,de.dhbw.tinf22b6.gameobject.enemy.Vector2,int[][]]",finder,1
/Users/martin/repos/Underwatch/game/core/src/main/de/dhbw/tinf22b6/gameobject/enemy/Enemy.java,de.dhbw.tinf22b6.gameobject.enemy.Enemy,isTagged/0,tagged,1
/Users/martin/repos/Underwatch/game/core/src/main/de/dhbw/tinf22b6/gameobject/enemy/Enemy.java,de.dhbw.tinf22b6.gameobject.enemy.Enemy,getMaxLinearAcceleration/0,maxLinearAcceleration,1
/Users/martin/repos/Underwatch/game/core/src/main/de/dhbw/tinf22b6/gameobject/enemy/Enemy.java,de.dhbw.tinf22b6.gameobject.enemy.Enemy,setMaxLinearAcceleration/1[float],maxLinearAcceleration,3
/Users/martin/repos/Underwatch/game/core/src/main/de/dhbw/tinf22b6/gameobject/enemy/Enemy.java,de.dhbw.tinf22b6.gameobject.enemy.Enemy,render/1[de.dhbw.tinf22b6.gameobject.enemy.Batch],weapon,6
/Users/martin/repos/Underwatch/game/core/src/main/de/dhbw/tinf22b6/gameobject/enemy/Enemy.java,de.dhbw.tinf22b6.gameobject.enemy.Enemy,hit/0,health,2
/Users/martin/repos/Underwatch/game/core/src/main/de/dhbw/tinf22b6/gameobject/enemy/Enemy.java,de.dhbw.tinf22b6.gameobject.enemy.Enemy,setTagged/1[boolean],tagged,3
/Users/martin/repos/Underwatch/game/core/src/main/de/dhbw/tinf22b6/gameobject/enemy/Enemy.java,de.dhbw.tinf22b6.gameobject.enemy.Enemy,getMaxLinearSpeed/0,maxLinearSpeed,1
/Users/martin/repos/Underwatch/game/core/src/main/de/dhbw/tinf22b6/gameobject/enemy/Enemy.java,de.dhbw.tinf22b6.gameobject.enemy.Enemy,update/0,weapon,2
/Users/martin/repos/Underwatch/game/core/src/main/de/dhbw/tinf22b6/gameobject/enemy/Enemy.java,de.dhbw.tinf22b6.gameobject.enemy.Enemy,update/0,steeringOutput,2
/Users/martin/repos/Underwatch/game/core/src/main/de/dhbw/tinf22b6/gameobject/enemy/Enemy.java,de.dhbw.tinf22b6.gameobject.enemy.Enemy,update/0,tagged,1
/Users/martin/repos/Underwatch/game/core/src/main/de/dhbw/tinf22b6/gameobject/enemy/Enemy.java,de.dhbw.tinf22b6.gameobject.enemy.Enemy,update/0,worldGraph,2
/Users/martin/repos/Underwatch/game/core/src/main/de/dhbw/tinf22b6/gameobject/enemy/Enemy.java,de.dhbw.tinf22b6.gameobject.enemy.Enemy,update/0,heuristic,1
/Users/martin/repos/Underwatch/game/core/src/main/de/dhbw/tinf22b6/gameobject/enemy/Enemy.java,de.dhbw.tinf22b6.gameobject.enemy.Enemy,update/0,steeringBehavior,3
/Users/martin/repos/Underwatch/game/core/src/main/de/dhbw/tinf22b6/gameobject/enemy/Enemy.java,de.dhbw.tinf22b6.gameobject.enemy.Enemy,update/0,finder,1
/Users/martin/repos/Underwatch/game/core/src/main/de/dhbw/tinf22b6/ai/EnemyStateMachine.java,de.dhbw.tinf22b6.ai.EnemyStateMachine,shoot/0,COOLDOWN,1
/Users/martin/repos/Underwatch/game/core/src/main/de/dhbw/tinf22b6/ai/EnemyStateMachine.java,de.dhbw.tinf22b6.ai.EnemyStateMachine,shoot/0,enemy,3
/Users/martin/repos/Underwatch/game/core/src/main/de/dhbw/tinf22b6/ai/EnemyStateMachine.java,de.dhbw.tinf22b6.ai.EnemyStateMachine,shoot/0,shootCountdown,2
/Users/martin/repos/Underwatch/game/core/src/main/de/dhbw/tinf22b6/ai/EnemyStateMachine.java,de.dhbw.tinf22b6.ai.EnemyStateMachine,"EnemyStateMachine/3[de.dhbw.tinf22b6.gameobject.enemy.Enemy,de.dhbw.tinf22b6.ai.World,int[][]]",path,1
/Users/martin/repos/Underwatch/game/core/src/main/de/dhbw/tinf22b6/ai/EnemyStateMachine.java,de.dhbw.tinf22b6.ai.EnemyStateMachine,"EnemyStateMachine/3[de.dhbw.tinf22b6.gameobject.enemy.Enemy,de.dhbw.tinf22b6.ai.World,int[][]]",world,3
/Users/martin/repos/Underwatch/game/core/src/main/de/dhbw/tinf22b6/ai/EnemyStateMachine.java,de.dhbw.tinf22b6.ai.EnemyStateMachine,"EnemyStateMachine/3[de.dhbw.tinf22b6.gameobject.enemy.Enemy,de.dhbw.tinf22b6.ai.World,int[][]]",worldGraph,2
/Users/martin/repos/Underwatch/game/core/src/main/de/dhbw/tinf22b6/ai/EnemyStateMachine.java,de.dhbw.tinf22b6.ai.EnemyStateMachine,"EnemyStateMachine/3[de.dhbw.tinf22b6.gameobject.enemy.Enemy,de.dhbw.tinf22b6.ai.World,int[][]]",heuristic,1
/Users/martin/repos/Underwatch/game/core/src/main/de/dhbw/tinf22b6/ai/EnemyStateMachine.java,de.dhbw.tinf22b6.ai.EnemyStateMachine,"EnemyStateMachine/3[de.dhbw.tinf22b6.gameobject.enemy.Enemy,de.dhbw.tinf22b6.ai.World,int[][]]",enemy,3
/Users/martin/repos/Underwatch/game/core/src/main/de/dhbw/tinf22b6/ai/EnemyStateMachine.java,de.dhbw.tinf22b6.ai.EnemyStateMachine,"EnemyStateMachine/3[de.dhbw.tinf22b6.gameobject.enemy.Enemy,de.dhbw.tinf22b6.ai.World,int[][]]",currentState,1
/Users/martin/repos/Underwatch/game/core/src/main/de/dhbw/tinf22b6/ai/EnemyStateMachine.java,de.dhbw.tinf22b6.ai.EnemyStateMachine,"EnemyStateMachine/3[de.dhbw.tinf22b6.gameobject.enemy.Enemy,de.dhbw.tinf22b6.ai.World,int[][]]",finder,1
/Users/martin/repos/Underwatch/game/core/src/main/de/dhbw/tinf22b6/ai/EnemyStateMachine.java,de.dhbw.tinf22b6.ai.EnemyStateMachine,rayCast/0,world,1
/Users/martin/repos/Underwatch/game/core/src/main/de/dhbw/tinf22b6/ai/EnemyStateMachine.java,de.dhbw.tinf22b6.ai.EnemyStateMachine,rayCast/0,enemy,1
/Users/martin/repos/Underwatch/game/core/src/main/de/dhbw/tinf22b6/ai/EnemyStateMachine.java,de.dhbw.tinf22b6.ai.EnemyStateMachine,rayCast/0,currentState,2
/Users/martin/repos/Underwatch/game/core/src/main/de/dhbw/tinf22b6/ai/EnemyStateMachine.java,de.dhbw.tinf22b6.ai.EnemyStateMachine,tick/1[float],oldState,2
/Users/martin/repos/Underwatch/game/core/src/main/de/dhbw/tinf22b6/ai/EnemyStateMachine.java,de.dhbw.tinf22b6.ai.EnemyStateMachine,tick/1[float],TAG,1
/Users/martin/repos/Underwatch/game/core/src/main/de/dhbw/tinf22b6/ai/EnemyStateMachine.java,de.dhbw.tinf22b6.ai.EnemyStateMachine,tick/1[float],currentState,4
/Users/martin/repos/Underwatch/game/core/src/main/de/dhbw/tinf22b6/ai/EnemyStateMachine.java,de.dhbw.tinf22b6.ai.EnemyStateMachine,tick/1[float],shootCountdown,1
/Users/martin/repos/Underwatch/game/core/src/main/de/dhbw/tinf22b6/ai/EnemyStateMachine.java,de.dhbw.tinf22b6.ai.EnemyStateMachine,getMovementVector/0,path,6
/Users/martin/repos/Underwatch/game/core/src/main/de/dhbw/tinf22b6/ai/EnemyStateMachine.java,de.dhbw.tinf22b6.ai.EnemyStateMachine,getMovementVector/0,worldGraph,2
/Users/martin/repos/Underwatch/game/core/src/main/de/dhbw/tinf22b6/ai/EnemyStateMachine.java,de.dhbw.tinf22b6.ai.EnemyStateMachine,getMovementVector/0,currentMovementVector,8
/Users/martin/repos/Underwatch/game/core/src/main/de/dhbw/tinf22b6/ai/EnemyStateMachine.java,de.dhbw.tinf22b6.ai.EnemyStateMachine,getMovementVector/0,heuristic,1
/Users/martin/repos/Underwatch/game/core/src/main/de/dhbw/tinf22b6/ai/EnemyStateMachine.java,de.dhbw.tinf22b6.ai.EnemyStateMachine,getMovementVector/0,enemy,4
/Users/martin/repos/Underwatch/game/core/src/main/de/dhbw/tinf22b6/ai/EnemyStateMachine.java,de.dhbw.tinf22b6.ai.EnemyStateMachine,getMovementVector/0,TAG,2
/Users/martin/repos/Underwatch/game/core/src/main/de/dhbw/tinf22b6/ai/EnemyStateMachine.java,de.dhbw.tinf22b6.ai.EnemyStateMachine,getMovementVector/0,finder,1
/Users/martin/repos/Underwatch/game/core/src/main/de/dhbw/tinf22b6/ai/EnemyStateMachine.java,de.dhbw.tinf22b6.ai.EnemyStateMachine,inRange/1[de.dhbw.tinf22b6.world.tiled.TiledSmoothableGraphPath<de.dhbw.tinf22b6.world.tiled.FlatTiledNode>],path,3
/Users/martin/repos/Underwatch/game/core/src/main/de/dhbw/tinf22b6/ai/EnemyStateMachine.java,de.dhbw.tinf22b6.ai.EnemyStateMachine,inRange/1[de.dhbw.tinf22b6.world.tiled.TiledSmoothableGraphPath<de.dhbw.tinf22b6.world.tiled.FlatTiledNode>],enemy,2
/Users/martin/repos/Underwatch/game/core/src/main/de/dhbw/tinf22b6/world/Box2dWorld.java,de.dhbw.tinf22b6.world.Box2dWorld,dispose/0,world,1
/Users/martin/repos/Underwatch/game/core/src/main/de/dhbw/tinf22b6/world/Box2dWorld.java,de.dhbw.tinf22b6.world.Box2dWorld,getWorld/0,world,1
/Users/martin/repos/Underwatch/game/core/src/main/de/dhbw/tinf22b6/world/Box2dWorld.java,de.dhbw.tinf22b6.world.Box2dWorld,init/0,world,1
/Users/martin/repos/Underwatch/game/core/src/main/de/dhbw/tinf22b6/world/Box2dWorld.java,de.dhbw.tinf22b6.world.Box2dWorld,init/0,TAG,1
/Users/martin/repos/Underwatch/game/core/src/main/de/dhbw/tinf22b6/gameobject/enemy/MobGameObject.java,de.dhbw.tinf22b6.gameobject.enemy.MobGameObject,"MobGameObject/3[java.lang.String,de.dhbw.tinf22b6.gameobject.enemy.Vector2,short]",currentDirection,1
/Users/martin/repos/Underwatch/game/core/src/main/de/dhbw/tinf22b6/gameobject/enemy/MobGameObject.java,de.dhbw.tinf22b6.gameobject.enemy.MobGameObject,"MobGameObject/3[java.lang.String,de.dhbw.tinf22b6.gameobject.enemy.Vector2,short]",walkingAnimations,5
/Users/martin/repos/Underwatch/game/core/src/main/de/dhbw/tinf22b6/gameobject/enemy/MobGameObject.java,de.dhbw.tinf22b6.gameobject.enemy.MobGameObject,"MobGameObject/3[java.lang.String,de.dhbw.tinf22b6.gameobject.enemy.Vector2,short]",currentAnimations,1
/Users/martin/repos/Underwatch/game/core/src/main/de/dhbw/tinf22b6/gameobject/enemy/MobGameObject.java,de.dhbw.tinf22b6.gameobject.enemy.MobGameObject,"MobGameObject/3[java.lang.String,de.dhbw.tinf22b6.gameobject.enemy.Vector2,short]",idleAnimations,6
/Users/martin/repos/Underwatch/game/core/src/main/de/dhbw/tinf22b6/gameobject/enemy/MobGameObject.java,de.dhbw.tinf22b6.gameobject.enemy.MobGameObject,tick/1[float],currentDirection,1
/Users/martin/repos/Underwatch/game/core/src/main/de/dhbw/tinf22b6/gameobject/enemy/MobGameObject.java,de.dhbw.tinf22b6.gameobject.enemy.MobGameObject,tick/1[float],currentAnimations,1
/Users/martin/repos/Underwatch/game/core/src/main/de/dhbw/tinf22b6/gameobject/enemy/MobGameObject.java,de.dhbw.tinf22b6.gameobject.enemy.MobGameObject,setIdle/0,currentAnimations,1
/Users/martin/repos/Underwatch/game/core/src/main/de/dhbw/tinf22b6/gameobject/enemy/MobGameObject.java,de.dhbw.tinf22b6.gameobject.enemy.MobGameObject,setIdle/0,idleAnimations,1
/Users/martin/repos/Underwatch/game/core/src/main/de/dhbw/tinf22b6/gameobject/enemy/MobGameObject.java,de.dhbw.tinf22b6.gameobject.enemy.MobGameObject,setDirection/1[de.dhbw.tinf22b6.gameobject.Direction],currentDirection,1
/Users/martin/repos/Underwatch/game/core/src/main/de/dhbw/tinf22b6/gameobject/enemy/MobGameObject.java,de.dhbw.tinf22b6.gameobject.enemy.MobGameObject,setWalking/0,walkingAnimations,1
/Users/martin/repos/Underwatch/game/core/src/main/de/dhbw/tinf22b6/gameobject/enemy/MobGameObject.java,de.dhbw.tinf22b6.gameobject.enemy.MobGameObject,setWalking/0,currentAnimations,1
