file,class,method,constructor,line,cbo,cboModified,fanin,fanout,wmc,rfc,loc,returnsQty,variablesQty,parametersQty,methodsInvokedQty,methodsInvokedLocalQty,methodsInvokedIndirectLocalQty,loopQty,comparisonsQty,tryCatchQty,parenthesizedExpsQty,stringLiteralsQty,numbersQty,assignmentsQty,mathOperationsQty,maxNestedBlocksQty,anonymousClassesQty,innerClassesQty,lambdasQty,uniqueWordsQty,modifiers,logStatementsQty,hasJavaDoc
/Users/martin/repos/Underwatch/game/core/src/main/de/dhbw/tinf22b6/ui/menu/StageManager.java,de.dhbw.tinf22b6.ui.menu.StageManager,setStage/1[de.dhbw.tinf22b6.ui.menu.Stage],false,25,1,2,2,0,1,1,4,0,0,1,1,0,0,0,0,0,0,0,0,1,0,0,0,0,0,4,1,0,false
/Users/martin/repos/Underwatch/game/core/src/main/de/dhbw/tinf22b6/ui/menu/StageManager.java,de.dhbw.tinf22b6.ui.menu.StageManager,"StageManager/2[de.dhbw.tinf22b6.ui.menu.Game,de.dhbw.tinf22b6.ui.menu.Music]",true,14,4,3,1,2,1,1,5,0,0,2,1,1,1,0,0,0,0,0,0,2,0,0,0,0,0,7,1,0,false
/Users/martin/repos/Underwatch/game/core/src/main/de/dhbw/tinf22b6/ui/menu/StageManager.java,de.dhbw.tinf22b6.ui.menu.StageManager,dispose/0,false,39,0,1,1,0,1,1,3,0,0,0,1,0,0,0,0,0,0,0,0,0,0,0,0,0,0,1,1,0,false
/Users/martin/repos/Underwatch/game/core/src/main/de/dhbw/tinf22b6/ui/menu/StageManager.java,de.dhbw.tinf22b6.ui.menu.StageManager,getGame/0,false,34,1,1,1,0,1,0,3,1,0,0,0,0,0,0,0,0,0,0,0,0,0,0,0,0,0,3,1,0,false
/Users/martin/repos/Underwatch/game/core/src/main/de/dhbw/tinf22b6/ui/menu/StageManager.java,de.dhbw.tinf22b6.ui.menu.StageManager,getMusic/0,false,43,1,1,1,0,1,0,3,1,0,0,0,0,0,0,0,0,0,0,0,0,0,0,0,0,0,3,1,0,false
/Users/martin/repos/Underwatch/game/core/src/main/de/dhbw/tinf22b6/ui/menu/StageManager.java,de.dhbw.tinf22b6.ui.menu.StageManager,drawAndAct/0,false,20,0,1,1,0,1,3,4,0,0,0,3,0,0,0,0,0,0,0,0,0,0,0,0,0,0,3,1,0,false
/Users/martin/repos/Underwatch/game/core/src/main/de/dhbw/tinf22b6/ui/menu/StageManager.java,de.dhbw.tinf22b6.ui.menu.StageManager,"resize/2[int,int]",false,30,0,1,1,0,1,2,3,0,0,2,2,0,0,0,0,0,0,0,0,0,0,0,0,0,0,2,1,0,false
/Users/martin/repos/Underwatch/game/core/src/main/de/dhbw/tinf22b6/ui/ingame/HudStage.java,de.dhbw.tinf22b6.ui.ingame.HudStage,draw/0,false,40,2,5,0,5,1,12,9,0,1,0,12,0,0,0,0,0,0,3,1,1,3,0,0,0,0,2,1,0,false
/Users/martin/repos/Underwatch/game/core/src/main/de/dhbw/tinf22b6/ui/ingame/HudStage.java,de.dhbw.tinf22b6.ui.ingame.HudStage,HudStage/0,true,17,3,2,1,1,1,5,17,0,1,0,5,0,0,0,0,0,0,5,4,6,6,0,0,0,0,15,1,0,false
/Users/martin/repos/Underwatch/game/core/src/main/de/dhbw/tinf22b6/world/WorldListener.java,de.dhbw.tinf22b6.world.WorldListener,WorldListener/1[de.dhbw.tinf22b6.screen.GameScreen],true,19,1,1,1,0,1,0,3,0,0,1,0,0,0,0,0,0,0,0,0,1,0,0,0,0,0,5,1,0,false
/Users/martin/repos/Underwatch/game/core/src/main/de/dhbw/tinf22b6/world/WorldListener.java,de.dhbw.tinf22b6.world.WorldListener,"postSolve/2[de.dhbw.tinf22b6.world.Contact,de.dhbw.tinf22b6.world.ContactImpulse]",false,138,2,0,0,0,1,0,2,0,0,2,0,0,0,0,0,0,0,0,0,0,0,0,0,0,0,4,1,0,false
/Users/martin/repos/Underwatch/game/core/src/main/de/dhbw/tinf22b6/world/WorldListener.java,de.dhbw.tinf22b6.world.WorldListener,beginContact/1[de.dhbw.tinf22b6.world.Contact],false,51,13,9,0,9,17,19,77,0,5,1,19,0,0,0,8,0,22,8,1,5,0,2,0,0,0,38,1,2,false
/Users/martin/repos/Underwatch/game/core/src/main/de/dhbw/tinf22b6/world/WorldListener.java,de.dhbw.tinf22b6.world.WorldListener,"preSolve/2[de.dhbw.tinf22b6.world.Contact,de.dhbw.tinf22b6.world.Manifold]",false,135,2,0,0,0,1,0,2,0,0,2,0,0,0,0,0,0,0,0,0,0,0,0,0,0,0,5,1,0,false
/Users/martin/repos/Underwatch/game/core/src/main/de/dhbw/tinf22b6/world/WorldListener.java,de.dhbw.tinf22b6.world.WorldListener,endContact/1[de.dhbw.tinf22b6.world.Contact],false,24,5,3,0,3,5,7,23,0,3,1,7,0,0,0,2,0,6,0,0,3,0,2,0,0,0,26,1,0,false
/Users/martin/repos/Underwatch/game/core/src/main/de/dhbw/tinf22b6/gameobject/enemy/Morglak.java,de.dhbw.tinf22b6.gameobject.enemy.Morglak,"Morglak/2[de.dhbw.tinf22b6.gameobject.enemy.Vector2,int[][]]",true,6,2,1,1,0,1,0,3,0,0,2,0,0,0,0,0,0,0,1,0,0,0,0,0,0,0,4,1,0,false
/Users/martin/repos/Underwatch/game/core/src/main/de/dhbw/tinf22b6/util/PlayerStatistics.java,de.dhbw.tinf22b6.util.PlayerStatistics,enemies_killed/0,false,56,0,2,2,0,1,0,3,1,0,0,0,0,0,0,0,0,0,0,0,0,0,0,0,0,0,3,1,0,false
/Users/martin/repos/Underwatch/game/core/src/main/de/dhbw/tinf22b6/util/PlayerStatistics.java,de.dhbw.tinf22b6.util.PlayerStatistics,getGameTime/0,false,68,0,3,3,0,1,0,3,1,0,0,0,0,0,0,0,0,0,0,0,0,0,0,0,0,0,4,1,0,false
/Users/martin/repos/Underwatch/game/core/src/main/de/dhbw/tinf22b6/util/PlayerStatistics.java,de.dhbw.tinf22b6.util.PlayerStatistics,resetHP/0,false,118,0,1,1,0,1,0,3,0,0,0,0,0,0,0,0,0,0,0,0,1,0,0,0,0,0,4,1,0,false
/Users/martin/repos/Underwatch/game/core/src/main/de/dhbw/tinf22b6/util/PlayerStatistics.java,de.dhbw.tinf22b6.util.PlayerStatistics,PlayerStatistics/0,true,23,0,0,0,0,1,0,2,0,0,0,0,0,0,0,0,0,0,0,0,0,0,0,0,0,0,2,2,0,false
/Users/martin/repos/Underwatch/game/core/src/main/de/dhbw/tinf22b6/util/PlayerStatistics.java,de.dhbw.tinf22b6.util.PlayerStatistics,cycleWeapon/1[boolean],false,86,2,2,1,1,5,10,18,0,1,1,10,1,1,0,0,1,0,3,4,4,2,2,0,0,1,15,1,0,false
/Users/martin/repos/Underwatch/game/core/src/main/de/dhbw/tinf22b6/util/PlayerStatistics.java,de.dhbw.tinf22b6.util.PlayerStatistics,reloadWeapons/0,false,112,1,2,1,1,2,1,5,0,0,0,1,0,0,1,0,0,0,0,0,0,0,1,0,0,0,5,1,0,false
/Users/martin/repos/Underwatch/game/core/src/main/de/dhbw/tinf22b6/util/PlayerStatistics.java,de.dhbw.tinf22b6.util.PlayerStatistics,init/0,false,25,2,2,1,1,1,3,10,0,0,0,3,0,0,0,0,0,0,1,3,6,1,0,0,0,0,5,1,1,false
/Users/martin/repos/Underwatch/game/core/src/main/de/dhbw/tinf22b6/util/PlayerStatistics.java,de.dhbw.tinf22b6.util.PlayerStatistics,getScore/0,false,64,0,6,6,0,1,0,3,1,0,0,0,0,0,0,0,0,0,0,2,0,3,0,0,0,0,5,1,0,false
/Users/martin/repos/Underwatch/game/core/src/main/de/dhbw/tinf22b6/util/PlayerStatistics.java,de.dhbw.tinf22b6.util.PlayerStatistics,setWon/0,false,122,0,1,1,0,1,0,3,0,0,0,0,0,0,0,0,0,0,0,0,1,0,0,0,0,0,3,1,0,false
/Users/martin/repos/Underwatch/game/core/src/main/de/dhbw/tinf22b6/util/PlayerStatistics.java,de.dhbw.tinf22b6.util.PlayerStatistics,removeCoins/1[int],false,52,0,0,0,0,1,0,3,0,0,1,0,0,0,0,0,0,0,0,0,1,0,0,0,0,0,3,1,0,false
/Users/martin/repos/Underwatch/game/core/src/main/de/dhbw/tinf22b6/util/PlayerStatistics.java,de.dhbw.tinf22b6.util.PlayerStatistics,hp/0,false,36,0,2,2,0,1,0,3,1,0,0,0,0,0,0,0,0,0,0,0,0,0,0,0,0,0,1,1,0,false
/Users/martin/repos/Underwatch/game/core/src/main/de/dhbw/tinf22b6/util/PlayerStatistics.java,de.dhbw.tinf22b6.util.PlayerStatistics,incrementGameTime/1[float],false,72,0,1,1,0,1,0,3,0,0,1,0,0,0,0,0,0,0,0,0,1,0,0,0,0,0,4,1,0,false
/Users/martin/repos/Underwatch/game/core/src/main/de/dhbw/tinf22b6/util/PlayerStatistics.java,de.dhbw.tinf22b6.util.PlayerStatistics,hasWon/0,false,126,0,1,1,0,1,0,3,1,0,0,0,0,0,0,0,0,0,0,0,0,0,0,0,0,0,3,1,0,false
/Users/martin/repos/Underwatch/game/core/src/main/de/dhbw/tinf22b6/util/PlayerStatistics.java,de.dhbw.tinf22b6.util.PlayerStatistics,getWeapons/0,false,76,1,1,1,0,1,0,3,1,0,0,0,0,0,0,0,0,0,0,0,0,0,0,0,0,0,3,1,0,false
/Users/martin/repos/Underwatch/game/core/src/main/de/dhbw/tinf22b6/util/PlayerStatistics.java,de.dhbw.tinf22b6.util.PlayerStatistics,pickupWeapon/0,false,107,1,2,1,1,1,2,4,0,0,0,2,0,0,0,0,0,0,0,1,1,1,0,0,0,0,3,1,0,false
/Users/martin/repos/Underwatch/game/core/src/main/de/dhbw/tinf22b6/util/PlayerStatistics.java,de.dhbw.tinf22b6.util.PlayerStatistics,hitHP/0,false,40,0,1,1,0,1,0,3,0,0,0,0,0,0,0,0,0,0,0,1,1,1,0,0,0,0,3,1,0,false
/Users/martin/repos/Underwatch/game/core/src/main/de/dhbw/tinf22b6/util/PlayerStatistics.java,de.dhbw.tinf22b6.util.PlayerStatistics,getCurrentWeapon/0,false,80,1,4,4,0,1,1,3,1,0,0,1,0,0,0,0,0,0,0,0,0,0,0,0,0,0,5,1,0,false
/Users/martin/repos/Underwatch/game/core/src/main/de/dhbw/tinf22b6/util/PlayerStatistics.java,de.dhbw.tinf22b6.util.PlayerStatistics,enemyKilled/0,false,60,0,1,1,0,1,0,3,0,0,0,0,0,0,0,0,0,0,0,0,0,0,0,0,0,0,2,1,0,false
/Users/martin/repos/Underwatch/game/core/src/main/de/dhbw/tinf22b6/util/PlayerStatistics.java,de.dhbw.tinf22b6.util.PlayerStatistics,coins/0,false,44,0,3,3,0,1,0,3,1,0,0,0,0,0,0,0,0,0,0,0,0,0,0,0,0,0,1,1,0,false
/Users/martin/repos/Underwatch/game/core/src/main/de/dhbw/tinf22b6/util/PlayerStatistics.java,de.dhbw.tinf22b6.util.PlayerStatistics,addCoins/1[int],false,48,0,1,1,0,1,0,3,0,0,1,0,0,0,0,0,0,0,0,0,1,0,0,0,0,0,3,1,0,false
/Users/martin/repos/Underwatch/game/core/src/main/de/dhbw/tinf22b6/ui/menu/Settings.java,de.dhbw.tinf22b6.ui.menu.Settings,"Settings/2[de.dhbw.tinf22b6.ui.menu.StageManager,de.dhbw.tinf22b6.ui.menu.Music]",true,22,14,4,1,3,1,14,76,0,14,2,14,0,0,0,0,0,0,20,19,14,14,0,3,0,0,45,1,0,false
/Users/martin/repos/Underwatch/game/core/src/main/de/dhbw/tinf22b6/world/tiled/TiledSmoothableGraphPath.java,de.dhbw.tinf22b6.world.tiled.TiledSmoothableGraphPath,getNodePosition/1[int],false,41,2,0,0,0,1,2,4,1,1,1,2,0,0,0,0,0,0,0,0,1,0,0,0,0,0,27,1,0,true
/Users/martin/repos/Underwatch/game/core/src/main/de/dhbw/tinf22b6/world/tiled/TiledSmoothableGraphPath.java,de.dhbw.tinf22b6.world.tiled.TiledSmoothableGraphPath,truncatePath/1[int],false,54,0,0,0,0,1,1,3,0,0,1,1,0,0,0,0,0,0,0,0,0,0,0,0,0,0,4,1,0,false
/Users/martin/repos/Underwatch/game/core/src/main/de/dhbw/tinf22b6/world/tiled/TiledSmoothableGraphPath.java,de.dhbw.tinf22b6.world.tiled.TiledSmoothableGraphPath,"swapNodes/2[int,int]",false,47,0,0,0,0,1,2,3,0,0,2,2,0,0,0,0,0,0,0,0,0,0,0,0,0,0,3,1,0,false
/Users/martin/repos/Underwatch/game/core/src/main/de/dhbw/tinf22b6/world/tiled/TiledSmoothableGraphPath.java,de.dhbw.tinf22b6.world.tiled.TiledSmoothableGraphPath,toString/0,false,59,0,0,0,0,1,2,3,1,0,0,2,0,0,0,0,0,0,1,0,0,0,0,0,0,0,6,1,0,false
/Users/martin/repos/Underwatch/game/core/src/main/de/dhbw/tinf22b6/util/Controls.java,de.dhbw.tinf22b6.util.Controls,setupControls/0,false,8,1,1,1,0,2,6,15,1,1,0,6,0,0,0,0,0,0,12,2,1,0,1,0,0,0,4,9,0,false
/Users/martin/repos/Underwatch/game/core/src/main/de/dhbw/tinf22b6/gameobject/interaction/WeaponBox.java,de.dhbw.tinf22b6.gameobject.interaction.WeaponBox,"WeaponBox/2[de.dhbw.tinf22b6.gameobject.interaction.Vector2,de.dhbw.tinf22b6.gameobject.interaction.Rectangle]",true,10,2,1,1,0,1,0,3,0,0,2,0,0,0,0,0,0,0,1,0,0,0,0,0,0,0,4,1,0,false
/Users/martin/repos/Underwatch/game/core/src/main/de/dhbw/tinf22b6/gameobject/interaction/WeaponBox.java,de.dhbw.tinf22b6.gameobject.interaction.WeaponBox,interact/1[de.dhbw.tinf22b6.gameobject.Player],false,23,1,1,0,1,1,2,4,0,0,1,2,0,0,0,0,0,0,0,0,0,0,0,0,0,0,3,1,0,false
/Users/martin/repos/Underwatch/game/core/src/main/de/dhbw/tinf22b6/gameobject/interaction/WeaponBox.java,de.dhbw.tinf22b6.gameobject.interaction.WeaponBox,activate/0,false,15,0,0,0,0,1,6,4,0,0,0,6,0,0,0,0,0,0,3,0,0,0,0,0,0,0,1,1,0,false
/Users/martin/repos/Underwatch/game/core/src/main/de/dhbw/tinf22b6/world/WorldType.java,de.dhbw.tinf22b6.world.WorldType,WorldType/1[java.lang.String],true,15,0,0,0,0,1,0,3,0,0,1,0,0,0,0,0,0,0,0,0,1,0,0,0,0,0,3,0,0,false
/Users/martin/repos/Underwatch/game/core/src/main/de/dhbw/tinf22b6/world/WorldType.java,de.dhbw.tinf22b6.world.WorldType,getMap/0,false,19,2,4,4,0,1,1,3,1,0,0,1,0,0,0,0,0,0,0,0,0,0,0,0,0,0,6,1,0,false
/Users/martin/repos/Underwatch/game/core/src/main/de/dhbw/tinf22b6/ui/ingame/GameWonStage.java,de.dhbw.tinf22b6.ui.ingame.GameWonStage$Anonymous1,"clicked/3[de.dhbw.tinf22b6.ui.ingame.InputEvent,float,float]",false,43,3,4,0,4,2,7,6,0,0,3,7,0,0,0,0,0,0,1,0,0,0,1,0,0,0,11,1,1,false
/Users/martin/repos/Underwatch/game/core/src/main/de/dhbw/tinf22b6/ui/ingame/GameWonStage.java,de.dhbw.tinf22b6.ui.ingame.GameWonStage$Anonymous2,"clicked/3[de.dhbw.tinf22b6.ui.ingame.InputEvent,float,float]",false,54,2,4,0,4,1,2,4,0,0,3,2,0,0,0,0,0,0,0,0,0,0,0,0,0,0,7,1,0,false
/Users/martin/repos/Underwatch/game/core/src/main/de/dhbw/tinf22b6/world/tiled/TiledNode.java,de.dhbw.tinf22b6.world.tiled.TiledNode,getConnections/0,false,58,2,0,0,0,1,0,3,1,0,0,0,0,0,0,0,0,0,0,0,0,0,0,0,0,0,2,1,0,false
/Users/martin/repos/Underwatch/game/core/src/main/de/dhbw/tinf22b6/world/tiled/TiledNode.java,de.dhbw.tinf22b6.world.tiled.TiledNode,getIndex/0,false,56,0,0,0,0,1,0,1,0,0,0,0,0,0,0,0,0,0,0,0,0,0,0,0,0,0,2,1025,0,false
/Users/martin/repos/Underwatch/game/core/src/main/de/dhbw/tinf22b6/world/tiled/TiledNode.java,de.dhbw.tinf22b6.world.tiled.TiledNode,"TiledNode/4[int,int,int,de.dhbw.tinf22b6.world.tiled.Array<de.dhbw.tinf22b6.world.tiled.Connection<N>>]",true,49,2,0,0,0,1,0,6,0,0,4,0,0,0,0,0,0,0,0,0,4,0,0,0,0,0,6,1,0,false
/Users/martin/repos/Underwatch/game/core/src/main/de/dhbw/tinf22b6/ui/ingame/InGameStageHandler.java,de.dhbw.tinf22b6.ui.ingame.InGameStageHandler,drawAndAct/0,false,26,0,1,1,0,1,3,4,0,0,0,3,0,0,0,0,0,0,0,0,0,0,0,0,0,0,3,1,0,false
/Users/martin/repos/Underwatch/game/core/src/main/de/dhbw/tinf22b6/ui/ingame/InGameStageHandler.java,de.dhbw.tinf22b6.ui.ingame.InGameStageHandler,changeStage/1[java.lang.String],false,51,1,2,1,1,5,2,14,0,0,1,2,0,0,0,0,0,2,8,0,4,0,1,0,0,0,8,2,0,false
/Users/martin/repos/Underwatch/game/core/src/main/de/dhbw/tinf22b6/ui/ingame/InGameStageHandler.java,de.dhbw.tinf22b6.ui.ingame.InGameStageHandler,update/0,false,31,3,6,1,5,4,6,19,3,0,0,6,1,1,0,1,0,0,4,1,0,0,1,0,0,0,4,1,0,false
/Users/martin/repos/Underwatch/game/core/src/main/de/dhbw/tinf22b6/ui/ingame/InGameStageHandler.java,de.dhbw.tinf22b6.ui.ingame.InGameStageHandler,"InGameStageHandler/2[de.dhbw.tinf22b6.ui.ingame.Game,de.dhbw.tinf22b6.screen.GameScreen]",true,16,6,5,1,4,1,2,9,0,0,2,2,0,0,0,0,0,0,5,0,3,0,0,0,0,0,10,1,0,false
/Users/martin/repos/Underwatch/game/core/src/main/de/dhbw/tinf22b6/ui/ingame/InGameStageHandler.java,de.dhbw.tinf22b6.ui.ingame.InGameStageHandler,"resize/2[int,int]",false,66,0,1,1,0,1,2,3,0,0,2,2,0,0,0,0,0,0,0,0,0,0,0,0,0,0,2,1,0,false
/Users/martin/repos/Underwatch/game/core/src/main/de/dhbw/tinf22b6/ai/Box2DLocation.java,de.dhbw.tinf22b6.ai.Box2DLocation,setOrientation/1[float],false,28,0,0,0,0,1,0,3,0,0,1,0,0,0,0,0,0,0,0,0,1,0,0,0,0,0,3,1,0,false
/Users/martin/repos/Underwatch/game/core/src/main/de/dhbw/tinf22b6/ai/Box2DLocation.java,de.dhbw.tinf22b6.ai.Box2DLocation,vectorToAngle/1[de.dhbw.tinf22b6.ai.Vector2],false,38,2,1,0,1,1,1,3,1,0,1,1,0,0,0,0,0,0,0,0,0,0,0,0,0,0,4,1,0,false
/Users/martin/repos/Underwatch/game/core/src/main/de/dhbw/tinf22b6/ai/Box2DLocation.java,de.dhbw.tinf22b6.ai.Box2DLocation,getPosition/0,false,18,1,0,0,0,1,0,3,1,0,0,0,0,0,0,0,0,0,0,0,0,0,0,0,0,0,4,1,0,false
/Users/martin/repos/Underwatch/game/core/src/main/de/dhbw/tinf22b6/ai/Box2DLocation.java,de.dhbw.tinf22b6.ai.Box2DLocation,"angleToVector/2[de.dhbw.tinf22b6.ai.Vector2,float]",false,43,2,1,0,1,1,1,3,1,0,2,1,0,0,0,0,0,0,0,0,0,0,0,0,0,0,4,1,0,false
/Users/martin/repos/Underwatch/game/core/src/main/de/dhbw/tinf22b6/ai/Box2DLocation.java,de.dhbw.tinf22b6.ai.Box2DLocation,Box2DLocation/0,true,12,1,2,2,0,1,0,4,0,0,0,0,0,0,0,0,0,0,0,1,2,0,0,0,0,0,4,1,0,false
/Users/martin/repos/Underwatch/game/core/src/main/de/dhbw/tinf22b6/ai/Box2DLocation.java,de.dhbw.tinf22b6.ai.Box2DLocation,newLocation/0,false,33,3,1,0,1,1,0,3,1,0,0,0,0,0,0,0,0,0,0,0,0,0,0,0,0,0,4,1,0,false
/Users/martin/repos/Underwatch/game/core/src/main/de/dhbw/tinf22b6/ai/Box2DLocation.java,de.dhbw.tinf22b6.ai.Box2DLocation,getOrientation/0,false,23,0,0,0,0,1,0,3,1,0,0,0,0,0,0,0,0,0,0,0,0,0,0,0,0,0,3,1,0,false
/Users/martin/repos/Underwatch/game/core/src/test/de/dhbw/tinf22b6/world/WorldParserTest.java,de.dhbw.tinf22b6.world.WorldParserTest,parseGameObjects/0,false,43,1,0,0,0,1,0,2,0,0,0,0,0,0,0,0,0,0,0,0,0,0,0,0,0,0,3,0,0,false
/Users/martin/repos/Underwatch/game/core/src/test/de/dhbw/tinf22b6/world/WorldParserTest.java,de.dhbw.tinf22b6.world.WorldParserTest,setUp/0,false,19,4,0,0,0,1,4,11,0,3,0,4,0,0,0,0,0,0,2,0,4,0,0,0,0,0,9,0,0,false
/Users/martin/repos/Underwatch/game/core/src/test/de/dhbw/tinf22b6/world/WorldParserTest.java,de.dhbw.tinf22b6.world.WorldParserTest,setupCorrect/0,false,33,2,0,0,0,1,6,5,0,0,0,6,0,0,0,0,0,0,3,4,0,0,0,0,0,0,8,0,0,false
/Users/martin/repos/Underwatch/game/core/src/test/de/dhbw/tinf22b6/world/WorldParserTest.java,de.dhbw.tinf22b6.world.WorldParserTest,getDynamicBodyDef/0,false,61,3,2,0,2,1,4,11,0,0,0,4,0,0,0,0,0,0,0,30,0,0,0,0,0,0,8,0,0,false
/Users/martin/repos/Underwatch/game/core/src/test/de/dhbw/tinf22b6/world/WorldParserTest.java,de.dhbw.tinf22b6.world.WorldParserTest,parseStaticObjects/0,false,40,1,0,0,0,1,0,2,0,0,0,0,0,0,0,0,0,0,0,0,0,0,0,0,0,0,3,0,0,false
/Users/martin/repos/Underwatch/game/core/src/test/de/dhbw/tinf22b6/world/WorldParserTest.java,de.dhbw.tinf22b6.world.WorldParserTest,parseNavigationMap/0,false,77,1,0,0,0,1,0,2,0,0,0,0,0,0,0,0,0,0,0,0,0,0,0,0,0,0,3,0,0,false
/Users/martin/repos/Underwatch/game/core/src/test/de/dhbw/tinf22b6/world/WorldParserTest.java,de.dhbw.tinf22b6.world.WorldParserTest,parseTorches/0,false,46,1,0,0,0,1,0,2,0,0,0,0,0,0,0,0,0,0,0,0,0,0,0,0,0,0,2,0,0,false
/Users/martin/repos/Underwatch/game/core/src/test/de/dhbw/tinf22b6/world/WorldParserTest.java,de.dhbw.tinf22b6.world.WorldParserTest,getStaticBodyDef/0,false,49,3,1,0,1,1,3,8,0,0,0,3,0,0,0,0,0,0,0,18,0,0,0,0,0,0,8,0,0,false
/Users/martin/repos/Underwatch/game/core/src/test/de/dhbw/tinf22b6/world/tiled/TiledMetricHeuristicTest.java,de.dhbw.tinf22b6.world.tiled.TiledMetricHeuristicTest,test_estimate/0,false,11,5,4,0,4,1,5,8,0,5,0,5,0,0,0,0,0,0,0,19,5,3,0,0,0,0,14,1,0,false
/Users/martin/repos/Underwatch/game/core/src/main/de/dhbw/tinf22b6/gameobject/bullet/LaserBullet.java,de.dhbw.tinf22b6.gameobject.bullet.LaserBullet,render/1[de.dhbw.tinf22b6.gameobject.bullet.Batch],false,54,1,0,0,0,1,2,4,0,1,1,2,0,0,0,0,0,0,0,6,1,3,0,0,0,0,5,1,0,false
/Users/martin/repos/Underwatch/game/core/src/main/de/dhbw/tinf22b6/gameobject/bullet/LaserBullet.java,de.dhbw.tinf22b6.gameobject.bullet.LaserBullet,tick/1[float],false,69,1,0,0,0,3,6,16,0,1,1,6,0,0,0,0,0,0,0,3,6,7,2,0,0,0,18,1,0,false
/Users/martin/repos/Underwatch/game/core/src/main/de/dhbw/tinf22b6/gameobject/bullet/LaserBullet.java,de.dhbw.tinf22b6.gameobject.bullet.LaserBullet,"LaserBullet/3[de.dhbw.tinf22b6.gameobject.bullet.Vector2,float,short]",true,27,6,2,0,2,2,9,24,0,4,3,9,0,0,1,0,0,0,1,9,13,8,1,0,0,0,23,1,0,false
/Users/martin/repos/Underwatch/game/core/src/main/de/dhbw/tinf22b6/gameobject/Teleporter.java,de.dhbw.tinf22b6.gameobject.Teleporter,"Teleporter/3[de.dhbw.tinf22b6.gameobject.Vector2,de.dhbw.tinf22b6.gameobject.Rectangle,java.lang.String]",true,17,6,3,1,2,1,11,13,0,2,3,11,0,0,0,0,0,2,1,7,7,14,0,0,0,0,24,1,0,false
/Users/martin/repos/Underwatch/game/core/src/main/de/dhbw/tinf22b6/gameobject/Teleporter.java,de.dhbw.tinf22b6.gameobject.Teleporter,getDestination/0,false,38,1,2,1,1,1,1,3,1,0,0,1,0,0,0,0,0,0,0,0,0,0,0,0,0,0,5,1,0,false
/Users/martin/repos/Underwatch/game/core/src/main/de/dhbw/tinf22b6/util/SteeringUtils.java,de.dhbw.tinf22b6.util.SteeringUtils,vectorToAngle/1[de.dhbw.tinf22b6.util.Vector2],false,7,1,2,2,0,1,1,3,1,0,1,1,0,0,0,0,0,0,0,0,0,0,0,0,0,0,4,9,0,false
/Users/martin/repos/Underwatch/game/core/src/main/de/dhbw/tinf22b6/util/SteeringUtils.java,de.dhbw.tinf22b6.util.SteeringUtils,"angleToVector/2[de.dhbw.tinf22b6.util.Vector2,float]",false,11,1,2,2,0,1,2,5,1,0,2,2,0,0,0,0,0,0,0,0,2,0,0,0,0,0,5,9,0,false
/Users/martin/repos/Underwatch/game/core/src/main/de/dhbw/tinf22b6/gameobject/enemy/Skeleton.java,de.dhbw.tinf22b6.gameobject.enemy.Skeleton,"Skeleton/2[de.dhbw.tinf22b6.gameobject.enemy.Vector2,int[][]]",true,6,2,1,1,0,1,0,3,0,0,2,0,0,0,0,0,0,0,1,0,0,0,0,0,0,0,4,1,0,false
/Users/martin/repos/Underwatch/game/core/src/test/de/dhbw/tinf22b6/world/tiled/TiledSmoothableGraphPathTest.java,de.dhbw.tinf22b6.world.tiled.TiledSmoothableGraphPathTest,test_Truncate/0,false,60,9,5,0,5,1,6,14,0,10,0,6,0,0,0,0,0,0,0,17,9,3,0,0,0,1,18,1,0,false
/Users/martin/repos/Underwatch/game/core/src/test/de/dhbw/tinf22b6/world/tiled/TiledSmoothableGraphPathTest.java,de.dhbw.tinf22b6.world.tiled.TiledSmoothableGraphPathTest,test_ToString/0,false,83,9,5,0,5,1,6,13,0,10,0,6,0,0,0,0,0,0,1,15,9,3,0,0,0,1,23,1,0,false
/Users/martin/repos/Underwatch/game/core/src/test/de/dhbw/tinf22b6/world/tiled/TiledSmoothableGraphPathTest.java,de.dhbw.tinf22b6.world.tiled.TiledSmoothableGraphPathTest,test_getNodePosition/0,false,15,10,5,0,5,1,6,13,0,10,0,6,0,0,0,0,0,0,0,16,9,3,0,0,0,1,19,1,0,false
/Users/martin/repos/Underwatch/game/core/src/test/de/dhbw/tinf22b6/world/tiled/TiledSmoothableGraphPathTest.java,de.dhbw.tinf22b6.world.tiled.TiledSmoothableGraphPathTest,test_swapNodes/0,false,37,10,6,0,6,1,7,14,0,10,0,7,0,0,0,0,0,0,0,22,9,3,0,0,0,1,19,1,0,false
/Users/martin/repos/Underwatch/game/core/src/main/de/dhbw/tinf22b6/util/EntitySystem.java,de.dhbw.tinf22b6.util.EntitySystem,init/1[java.util.List<de.dhbw.tinf22b6.gameobject.GameObject>],false,17,1,1,1,0,1,2,4,0,0,1,2,0,0,0,0,0,0,1,0,1,1,0,0,0,0,4,1,1,false
/Users/martin/repos/Underwatch/game/core/src/main/de/dhbw/tinf22b6/util/EntitySystem.java,de.dhbw.tinf22b6.util.EntitySystem,add/1[de.dhbw.tinf22b6.gameobject.GameObject],false,26,1,7,7,0,1,1,3,0,0,1,1,0,0,0,0,0,0,0,0,0,0,0,0,0,0,4,1,0,false
/Users/martin/repos/Underwatch/game/core/src/main/de/dhbw/tinf22b6/util/EntitySystem.java,de.dhbw.tinf22b6.util.EntitySystem,getGameObjects/0,false,22,1,2,2,0,1,0,3,1,0,0,0,0,0,0,0,0,0,0,0,0,0,0,0,0,0,4,1,0,false
/Users/martin/repos/Underwatch/game/core/src/main/de/dhbw/tinf22b6/util/EntitySystem.java,de.dhbw.tinf22b6.util.EntitySystem,remove/1[de.dhbw.tinf22b6.gameobject.GameObject],false,30,1,1,1,0,1,1,3,0,0,1,1,0,0,0,0,0,0,0,0,0,0,0,0,0,0,4,1,0,false
/Users/martin/repos/Underwatch/game/core/src/main/de/dhbw/tinf22b6/util/EntitySystem.java,de.dhbw.tinf22b6.util.EntitySystem,getPlayer/0,false,34,2,10,10,0,3,0,6,2,0,0,0,0,0,1,0,0,0,0,0,0,0,2,0,0,0,8,1,0,false
/Users/martin/repos/Underwatch/game/core/src/main/de/dhbw/tinf22b6/util/EntitySystem.java,de.dhbw.tinf22b6.util.EntitySystem,EntitySystem/0,true,15,0,0,0,0,1,0,2,0,0,0,0,0,0,0,0,0,0,0,0,0,0,0,0,0,0,2,2,0,false
/Users/martin/repos/Underwatch/game/core/src/main/de/dhbw/tinf22b6/world/tiled/TiledManhattanDistance.java,de.dhbw.tinf22b6.world.tiled.TiledManhattanDistance,"estimate/2[N,N]",false,32,1,0,0,0,1,1,3,1,0,2,1,0,0,0,0,0,0,0,0,0,3,0,0,0,0,4,1,0,false
/Users/martin/repos/Underwatch/game/core/src/main/de/dhbw/tinf22b6/world/tiled/TiledManhattanDistance.java,de.dhbw.tinf22b6.world.tiled.TiledManhattanDistance,TiledManhattanDistance/0,true,29,0,0,0,0,1,0,2,0,0,0,0,0,0,0,0,0,0,0,0,0,0,0,0,0,0,3,1,0,false
/Users/martin/repos/Underwatch/game/core/src/main/de/dhbw/tinf22b6/weapon/EnemyWeapon.java,de.dhbw.tinf22b6.weapon.EnemyWeapon,EnemyWeapon/1[de.dhbw.tinf22b6.gameobject.enemy.Enemy],true,14,3,2,1,1,1,1,5,0,0,1,1,0,0,0,0,0,0,2,3,2,0,0,0,0,0,3,1,0,false
/Users/martin/repos/Underwatch/game/core/src/main/de/dhbw/tinf22b6/weapon/EnemyWeapon.java,de.dhbw.tinf22b6.weapon.EnemyWeapon,shoot/0,false,21,5,5,0,5,3,10,17,1,2,0,10,0,0,0,0,1,1,0,5,2,5,3,0,0,1,11,1,0,false
/Users/martin/repos/Underwatch/game/core/src/main/de/dhbw/tinf22b6/gameobject/interaction/HolyGrail.java,de.dhbw.tinf22b6.gameobject.interaction.HolyGrail,interact/1[de.dhbw.tinf22b6.gameobject.Player],false,22,2,1,0,1,1,2,4,0,0,1,2,0,0,0,0,0,0,0,0,0,0,0,0,0,0,3,1,0,false
/Users/martin/repos/Underwatch/game/core/src/main/de/dhbw/tinf22b6/gameobject/interaction/HolyGrail.java,de.dhbw.tinf22b6.gameobject.interaction.HolyGrail,"HolyGrail/2[de.dhbw.tinf22b6.gameobject.interaction.Vector2,de.dhbw.tinf22b6.gameobject.interaction.Rectangle]",true,10,2,0,0,0,1,0,3,0,0,2,0,0,0,0,0,0,0,1,0,0,0,0,0,0,0,4,1,0,false
/Users/martin/repos/Underwatch/game/core/src/main/de/dhbw/tinf22b6/gameobject/interaction/HolyGrail.java,de.dhbw.tinf22b6.gameobject.interaction.HolyGrail,activate/0,false,16,0,0,0,0,1,1,3,0,0,0,1,0,0,0,0,0,0,0,0,0,0,0,0,0,0,1,1,0,false
/Users/martin/repos/Underwatch/game/core/src/main/de/dhbw/tinf22b6/screen/AbstractGameScreen.java,de.dhbw.tinf22b6.screen.AbstractGameScreen,show/0,false,19,0,0,0,0,1,0,1,0,0,0,0,0,0,0,0,0,0,0,0,0,0,0,0,0,0,1,1025,0,false
/Users/martin/repos/Underwatch/game/core/src/main/de/dhbw/tinf22b6/screen/AbstractGameScreen.java,de.dhbw.tinf22b6.screen.AbstractGameScreen,dispose/0,false,29,1,1,0,1,1,1,3,0,0,0,1,0,0,0,0,0,0,0,0,0,0,0,0,0,0,1,1,0,false
/Users/martin/repos/Underwatch/game/core/src/main/de/dhbw/tinf22b6/screen/AbstractGameScreen.java,de.dhbw.tinf22b6.screen.AbstractGameScreen,render/1[float],false,15,0,0,0,0,1,0,1,0,0,1,0,0,0,0,0,0,0,0,0,0,0,0,0,0,0,3,1025,0,false
/Users/martin/repos/Underwatch/game/core/src/main/de/dhbw/tinf22b6/screen/AbstractGameScreen.java,de.dhbw.tinf22b6.screen.AbstractGameScreen,hide/0,false,21,0,0,0,0,1,0,1,0,0,0,0,0,0,0,0,0,0,0,0,0,0,0,0,0,0,1,1025,0,false
/Users/martin/repos/Underwatch/game/core/src/main/de/dhbw/tinf22b6/screen/AbstractGameScreen.java,de.dhbw.tinf22b6.screen.AbstractGameScreen,pause/0,false,23,0,0,0,0,1,0,1,0,0,0,0,0,0,0,0,0,0,0,0,0,0,0,0,0,0,1,1025,0,false
/Users/martin/repos/Underwatch/game/core/src/main/de/dhbw/tinf22b6/screen/AbstractGameScreen.java,de.dhbw.tinf22b6.screen.AbstractGameScreen,AbstractGameScreen/1[de.dhbw.tinf22b6.screen.Game],true,11,1,0,0,0,1,0,3,0,0,1,0,0,0,0,0,0,0,0,0,1,0,0,0,0,0,4,1,0,false
/Users/martin/repos/Underwatch/game/core/src/main/de/dhbw/tinf22b6/screen/AbstractGameScreen.java,de.dhbw.tinf22b6.screen.AbstractGameScreen,"resize/2[int,int]",false,17,0,0,0,0,1,0,1,0,0,2,0,0,0,0,0,0,0,0,0,0,0,0,0,0,0,2,1025,0,false
/Users/martin/repos/Underwatch/game/core/src/main/de/dhbw/tinf22b6/screen/AbstractGameScreen.java,de.dhbw.tinf22b6.screen.AbstractGameScreen,resume/0,false,25,2,1,0,1,1,1,3,0,0,0,1,0,0,0,0,0,0,0,0,0,0,0,0,0,0,3,1,0,false
/Users/martin/repos/Underwatch/game/core/src/main/de/dhbw/tinf22b6/util/CameraHelper.java,de.dhbw.tinf22b6.util.CameraHelper,"setPosition/2[float,float]",false,31,0,2,2,0,1,1,3,0,0,2,1,0,0,0,0,0,0,0,0,0,0,0,0,0,0,3,1,0,false
/Users/martin/repos/Underwatch/game/core/src/main/de/dhbw/tinf22b6/util/CameraHelper.java,de.dhbw.tinf22b6.util.CameraHelper,getPosition/0,false,35,1,1,1,0,1,0,3,1,0,0,0,0,0,0,0,0,0,0,0,0,0,0,0,0,0,4,1,0,false
/Users/martin/repos/Underwatch/game/core/src/main/de/dhbw/tinf22b6/util/CameraHelper.java,de.dhbw.tinf22b6.util.CameraHelper,setZoom/1[float],false,43,0,2,2,0,1,1,3,0,0,1,1,0,0,0,0,0,0,0,0,1,0,0,0,0,0,3,1,0,false
/Users/martin/repos/Underwatch/game/core/src/main/de/dhbw/tinf22b6/util/CameraHelper.java,de.dhbw.tinf22b6.util.CameraHelper,getTarget/0,false,55,1,0,0,0,1,0,3,1,0,0,0,0,0,0,0,0,0,0,0,0,0,0,0,0,0,4,1,0,false
/Users/martin/repos/Underwatch/game/core/src/main/de/dhbw/tinf22b6/util/CameraHelper.java,de.dhbw.tinf22b6.util.CameraHelper,applyTo/1[de.dhbw.tinf22b6.util.OrthographicCamera],false,67,1,1,1,0,1,1,6,0,0,1,1,0,0,0,0,0,0,0,0,3,0,0,0,0,0,6,1,0,false
/Users/martin/repos/Underwatch/game/core/src/main/de/dhbw/tinf22b6/util/CameraHelper.java,de.dhbw.tinf22b6.util.CameraHelper,setTarget/1[de.dhbw.tinf22b6.gameobject.Player],false,51,1,2,2,0,1,0,3,0,0,1,0,0,0,0,0,0,0,0,0,1,0,0,0,0,0,4,1,0,false
/Users/martin/repos/Underwatch/game/core/src/main/de/dhbw/tinf22b6/util/CameraHelper.java,de.dhbw.tinf22b6.util.CameraHelper,update/1[float],false,24,2,3,1,2,2,2,5,1,0,1,2,1,1,0,0,0,0,0,0,2,0,1,0,0,0,5,1,0,false
/Users/martin/repos/Underwatch/game/core/src/main/de/dhbw/tinf22b6/util/CameraHelper.java,de.dhbw.tinf22b6.util.CameraHelper,hasTarget/0,false,59,0,3,3,0,2,0,3,1,0,0,0,0,0,0,1,0,0,0,0,0,0,0,0,0,0,4,1,0,false
/Users/martin/repos/Underwatch/game/core/src/main/de/dhbw/tinf22b6/util/CameraHelper.java,de.dhbw.tinf22b6.util.CameraHelper,hasTarget/1[de.dhbw.tinf22b6.gameobject.Player],false,63,2,1,0,1,1,2,3,1,0,1,2,1,1,0,0,0,0,0,0,0,0,0,0,0,0,4,1,0,false
/Users/martin/repos/Underwatch/game/core/src/main/de/dhbw/tinf22b6/util/CameraHelper.java,de.dhbw.tinf22b6.util.CameraHelper,CameraHelper/0,true,19,1,1,1,0,1,0,4,0,0,0,0,0,0,0,0,0,0,0,1,2,0,0,0,0,0,5,1,0,false
/Users/martin/repos/Underwatch/game/core/src/main/de/dhbw/tinf22b6/util/CameraHelper.java,de.dhbw.tinf22b6.util.CameraHelper,getZoom/0,false,47,0,0,0,0,1,0,3,1,0,0,0,0,0,0,0,0,0,0,0,0,0,0,0,0,0,3,1,0,false
/Users/martin/repos/Underwatch/game/core/src/main/de/dhbw/tinf22b6/util/CameraHelper.java,de.dhbw.tinf22b6.util.CameraHelper,addZoom/1[float],false,39,1,2,1,1,1,1,3,0,0,1,1,1,1,0,0,0,0,0,0,0,1,0,0,0,0,5,1,0,false
/Users/martin/repos/Underwatch/game/core/src/main/de/dhbw/tinf22b6/ui/ingame/GameWonStage.java,de.dhbw.tinf22b6.ui.ingame.GameWonStage,uploadScore/1[java.lang.String],false,81,1,5,1,4,1,21,16,0,3,1,21,0,0,0,0,0,0,3,2,2,0,0,0,0,1,10,2,1,false
/Users/martin/repos/Underwatch/game/core/src/main/de/dhbw/tinf22b6/ui/ingame/GameWonStage.java,de.dhbw.tinf22b6.ui.ingame.GameWonStage,update/0,false,77,1,1,0,1,1,2,3,0,0,0,2,0,0,0,0,0,0,1,0,0,1,0,0,0,0,1,1,0,false
/Users/martin/repos/Underwatch/game/core/src/main/de/dhbw/tinf22b6/ui/ingame/GameWonStage.java,de.dhbw.tinf22b6.ui.ingame.GameWonStage,GameWonStage/1[de.dhbw.tinf22b6.ui.ingame.Game],true,24,10,3,1,2,3,18,48,0,9,1,18,0,0,0,1,0,0,7,9,8,1,3,2,0,1,36,1,1,false
/Users/martin/repos/Underwatch/game/core/src/main/de/dhbw/tinf22b6/gameobject/enemy/Durgosh.java,de.dhbw.tinf22b6.gameobject.enemy.Durgosh,"Durgosh/2[de.dhbw.tinf22b6.gameobject.enemy.Vector2,int[][]]",true,6,2,1,1,0,1,0,3,0,0,2,0,0,0,0,0,0,0,1,0,0,0,0,0,0,0,4,1,0,false
/Users/martin/repos/Underwatch/game/core/src/main/de/dhbw/tinf22b6/gameobject/Player.java,de.dhbw.tinf22b6.gameobject.Player,isDodging/0,false,195,0,0,0,0,1,0,3,1,0,0,0,0,0,0,0,0,0,0,0,0,0,0,0,0,0,3,1,0,false
/Users/martin/repos/Underwatch/game/core/src/main/de/dhbw/tinf22b6/gameobject/Player.java,de.dhbw.tinf22b6.gameobject.Player,pickupWeapon/0,false,227,1,2,1,1,1,1,3,0,0,0,1,0,0,0,0,0,0,0,0,0,0,0,0,0,0,2,1,0,false
/Users/martin/repos/Underwatch/game/core/src/main/de/dhbw/tinf22b6/gameobject/Player.java,de.dhbw.tinf22b6.gameobject.Player,"Player/2[de.dhbw.tinf22b6.gameobject.Vector2,de.dhbw.tinf22b6.gameobject.Camera]",true,35,8,3,1,2,1,9,29,0,5,2,9,0,0,0,0,0,0,2,18,19,9,0,0,0,0,28,1,0,false
/Users/martin/repos/Underwatch/game/core/src/main/de/dhbw/tinf22b6/gameobject/Player.java,de.dhbw.tinf22b6.gameobject.Player,render/1[de.dhbw.tinf22b6.gameobject.Batch],false,85,4,3,0,3,4,8,17,1,3,1,8,1,1,0,0,0,4,0,21,3,16,2,0,0,0,14,1,0,false
/Users/martin/repos/Underwatch/game/core/src/main/de/dhbw/tinf22b6/gameobject/Player.java,de.dhbw.tinf22b6.gameobject.Player,tick/1[float],false,129,4,7,0,7,9,11,29,0,1,1,11,2,1,0,1,0,0,0,11,4,5,1,0,0,0,22,1,0,false
/Users/martin/repos/Underwatch/game/core/src/main/de/dhbw/tinf22b6/gameobject/Player.java,de.dhbw.tinf22b6.gameobject.Player,applyForce/1[de.dhbw.tinf22b6.gameobject.Vector2],false,159,1,2,2,0,4,4,23,1,0,1,4,0,0,0,0,1,0,0,7,5,12,3,0,0,1,23,1,0,false
/Users/martin/repos/Underwatch/game/core/src/main/de/dhbw/tinf22b6/gameobject/Player.java,de.dhbw.tinf22b6.gameobject.Player,shoot/0,false,219,2,3,1,2,1,2,3,0,0,0,2,0,0,0,0,0,0,0,0,0,0,0,0,0,0,1,1,0,false
/Users/martin/repos/Underwatch/game/core/src/main/de/dhbw/tinf22b6/gameobject/Player.java,de.dhbw.tinf22b6.gameobject.Player,dodge/0,false,199,3,4,1,3,2,6,20,0,0,0,6,1,1,0,0,1,1,0,6,5,1,2,0,0,1,15,1,0,false
/Users/martin/repos/Underwatch/game/core/src/main/de/dhbw/tinf22b6/gameobject/Player.java,de.dhbw.tinf22b6.gameobject.Player,canPickUp/1[de.dhbw.tinf22b6.gameobject.GameObject],false,181,1,2,2,0,1,0,3,0,0,1,0,0,0,0,0,0,0,0,0,1,0,0,0,0,0,7,1,0,false
/Users/martin/repos/Underwatch/game/core/src/main/de/dhbw/tinf22b6/gameobject/Player.java,de.dhbw.tinf22b6.gameobject.Player,getAngle/0,false,78,2,6,6,0,1,4,5,1,2,0,4,0,0,0,0,0,0,0,5,2,4,0,0,0,0,8,1,0,false
/Users/martin/repos/Underwatch/game/core/src/main/de/dhbw/tinf22b6/gameobject/Player.java,de.dhbw.tinf22b6.gameobject.Player,interact/1[de.dhbw.tinf22b6.gameobject.Player],false,186,2,2,1,1,2,6,6,0,0,1,6,0,0,0,1,0,0,3,0,0,0,1,0,0,0,6,1,0,false
/Users/martin/repos/Underwatch/game/core/src/main/de/dhbw/tinf22b6/gameobject/Player.java,de.dhbw.tinf22b6.gameobject.Player,getMotionVector/0,false,223,1,2,2,0,1,0,3,1,0,0,0,0,0,0,0,0,0,0,0,0,0,0,0,0,0,5,1,0,false
/Users/martin/repos/Underwatch/game/core/src/test/de/dhbw/tinf22b6/world/tiled/FlatTiledConnectionTest.java,de.dhbw.tinf22b6.world.tiled.FlatTiledConnectionTest,testGetCostWithDiagonal/0,false,12,5,4,0,4,1,3,10,0,6,0,3,0,0,0,0,0,0,0,15,7,0,0,0,0,0,20,1,0,false
/Users/martin/repos/Underwatch/game/core/src/test/de/dhbw/tinf22b6/world/tiled/FlatTiledConnectionTest.java,de.dhbw.tinf22b6.world.tiled.FlatTiledConnectionTest,test_GetCostWithoutDiagonalFalseFalse/0,false,89,6,4,0,4,1,3,10,0,6,0,3,0,0,0,0,0,0,1,17,7,0,0,0,0,0,25,1,0,false
/Users/martin/repos/Underwatch/game/core/src/test/de/dhbw/tinf22b6/world/tiled/FlatTiledConnectionTest.java,de.dhbw.tinf22b6.world.tiled.FlatTiledConnectionTest,testGetCostWithoutDiagonal/0,false,40,6,4,0,4,1,3,10,0,6,0,3,0,0,0,0,0,0,1,17,7,0,0,0,0,0,24,1,0,false
/Users/martin/repos/Underwatch/game/core/src/test/de/dhbw/tinf22b6/world/tiled/FlatTiledConnectionTest.java,de.dhbw.tinf22b6.world.tiled.FlatTiledConnectionTest,test_GetCostWithoutDiagonalSecondCase/0,false,64,6,4,0,4,1,4,10,0,6,0,4,0,0,0,0,0,0,1,17,7,0,0,0,0,0,25,1,0,false
/Users/martin/repos/Underwatch/game/core/src/test/de/dhbw/tinf22b6/world/tiled/FlatTiledConnectionTest.java,de.dhbw.tinf22b6.world.tiled.FlatTiledConnectionTest,test_GetCostWithoutDiagonalFalseTrue/0,false,114,6,4,0,4,1,3,10,0,6,0,3,0,0,0,0,0,0,1,17,7,0,0,0,0,0,26,1,0,false
/Users/martin/repos/Underwatch/game/core/src/main/de/dhbw/tinf22b6/world/WorldRenderer.java,de.dhbw.tinf22b6.world.WorldRenderer,renderMapObjects/0,false,79,3,4,1,3,2,6,9,0,0,0,6,0,0,1,0,0,0,0,0,0,0,1,0,0,0,8,2,0,false
/Users/martin/repos/Underwatch/game/core/src/main/de/dhbw/tinf22b6/world/WorldRenderer.java,de.dhbw.tinf22b6.world.WorldRenderer,"resize/2[int,int]",false,89,0,1,1,0,1,1,4,0,0,2,1,0,0,0,0,0,1,0,0,1,2,0,0,0,0,14,1,0,false
/Users/martin/repos/Underwatch/game/core/src/main/de/dhbw/tinf22b6/world/WorldRenderer.java,de.dhbw.tinf22b6.world.WorldRenderer,render/0,false,67,2,3,1,2,2,6,9,0,0,0,6,1,1,0,0,0,0,0,0,0,0,1,0,0,0,6,1,0,false
/Users/martin/repos/Underwatch/game/core/src/main/de/dhbw/tinf22b6/world/WorldRenderer.java,de.dhbw.tinf22b6.world.WorldRenderer,"WorldRenderer/3[de.dhbw.tinf22b6.world.WorldController,de.dhbw.tinf22b6.world.TiledMap,de.dhbw.tinf22b6.world.OrthographicCamera]",true,29,9,3,1,2,7,18,39,0,5,3,18,0,0,1,0,0,0,7,13,11,0,3,0,0,2,26,1,0,false
/Users/martin/repos/Underwatch/game/core/src/main/de/dhbw/tinf22b6/world/WorldRenderer.java,de.dhbw.tinf22b6.world.WorldRenderer,dispose/0,false,95,0,0,0,0,1,1,4,0,0,0,1,0,0,0,0,0,0,0,0,0,0,0,0,0,0,1,1,0,false
/Users/martin/repos/Underwatch/game/core/src/main/de/dhbw/tinf22b6/UnderwatchGame.java,de.dhbw.tinf22b6.UnderwatchGame,create/0,false,13,4,3,0,3,1,4,6,0,0,0,4,0,0,0,0,0,0,0,0,0,0,0,0,0,0,6,1,0,false
/Users/martin/repos/Underwatch/game/core/src/main/de/dhbw/tinf22b6/weapon/Bow.java,de.dhbw.tinf22b6.weapon.Bow,shoot/0,false,14,5,5,0,5,3,8,17,1,2,0,8,0,0,0,0,1,1,0,4,2,4,3,0,0,1,11,1,0,false
/Users/martin/repos/Underwatch/game/core/src/main/de/dhbw/tinf22b6/weapon/Bow.java,de.dhbw.tinf22b6.weapon.Bow,Bow/0,true,9,0,0,0,0,1,0,3,0,0,0,0,0,0,0,0,0,0,1,2,0,0,0,0,0,0,1,1,0,false
/Users/martin/repos/Underwatch/game/core/src/main/de/dhbw/tinf22b6/weapon/Weapon.java,de.dhbw.tinf22b6.weapon.Weapon,getRegion/0,false,69,1,2,2,0,2,1,6,2,0,0,1,0,0,0,0,0,0,0,0,0,0,1,0,0,0,6,1,0,false
/Users/martin/repos/Underwatch/game/core/src/main/de/dhbw/tinf22b6/weapon/Weapon.java,de.dhbw.tinf22b6.weapon.Weapon,"Weapon/3[java.lang.String,int,float]",true,21,2,2,0,2,1,4,8,0,0,3,4,0,0,0,0,0,0,3,1,6,2,0,0,0,0,6,1,0,false
/Users/martin/repos/Underwatch/game/core/src/main/de/dhbw/tinf22b6/weapon/Weapon.java,de.dhbw.tinf22b6.weapon.Weapon,shoot/0,false,30,0,2,2,0,5,8,25,3,0,0,8,0,0,0,0,1,1,5,4,4,1,2,0,0,1,13,1,0,false
/Users/martin/repos/Underwatch/game/core/src/main/de/dhbw/tinf22b6/weapon/Weapon.java,de.dhbw.tinf22b6.weapon.Weapon,reload/0,false,80,0,1,1,0,1,0,3,0,0,0,0,0,0,0,0,0,0,0,0,1,0,0,0,0,0,1,1,0,false
/Users/martin/repos/Underwatch/game/core/src/main/de/dhbw/tinf22b6/weapon/Weapon.java,de.dhbw.tinf22b6.weapon.Weapon,updateRemainingCoolDown/1[float],false,57,0,2,2,0,3,0,11,1,0,1,0,0,0,0,0,0,0,0,3,4,0,1,0,0,0,7,1,0,false
/Users/martin/repos/Underwatch/game/core/src/main/de/dhbw/tinf22b6/weapon/Weapon.java,de.dhbw.tinf22b6.weapon.Weapon,canShoot/0,false,76,0,1,1,0,3,0,3,1,0,0,0,0,0,0,1,0,0,0,2,0,0,0,0,0,0,8,1,0,false
/Users/martin/repos/Underwatch/game/core/src/main/de/dhbw/tinf22b6/weapon/Weapon.java,de.dhbw.tinf22b6.weapon.Weapon,getAmmo/0,false,84,0,1,1,0,1,0,3,1,0,0,0,0,0,0,0,0,0,0,0,0,0,0,0,0,0,3,1,0,false
/Users/martin/repos/Underwatch/game/core/src/main/de/dhbw/tinf22b6/world/tiled/FlatTiledNode.java,de.dhbw.tinf22b6.world.tiled.FlatTiledNode,getIndex/0,false,34,0,1,1,0,1,0,3,1,0,0,0,0,0,0,0,0,0,0,0,0,2,0,0,0,0,6,1,0,false
/Users/martin/repos/Underwatch/game/core/src/main/de/dhbw/tinf22b6/world/tiled/FlatTiledNode.java,de.dhbw.tinf22b6.world.tiled.FlatTiledNode,toString/0,false,39,0,0,0,0,1,0,3,1,0,0,0,0,0,0,0,0,0,1,0,0,1,0,0,0,0,4,1,0,false
/Users/martin/repos/Underwatch/game/core/src/main/de/dhbw/tinf22b6/world/tiled/FlatTiledNode.java,de.dhbw.tinf22b6.world.tiled.FlatTiledNode,"FlatTiledNode/5[int,int,int,int,int]",true,28,1,1,1,0,1,0,4,0,0,5,0,0,0,0,0,0,0,0,0,1,0,0,0,0,0,7,1,0,false
/Users/martin/repos/Underwatch/game/core/src/main/de/dhbw/tinf22b6/gameobject/enemy/Grommok.java,de.dhbw.tinf22b6.gameobject.enemy.Grommok,"Grommok/2[de.dhbw.tinf22b6.gameobject.enemy.Vector2,int[][]]",true,6,2,1,1,0,1,0,3,0,0,2,0,0,0,0,0,0,0,1,0,0,0,0,0,0,0,4,1,0,false
/Users/martin/repos/Underwatch/game/core/src/main/de/dhbw/tinf22b6/gameobject/bullet/Bullet.java,de.dhbw.tinf22b6.gameobject.bullet.Bullet,"Bullet/3[de.dhbw.tinf22b6.gameobject.bullet.Vector2,float,short]",true,27,6,8,6,2,2,9,24,0,4,3,9,0,0,1,0,0,0,1,9,13,8,1,0,0,0,22,1,0,false
/Users/martin/repos/Underwatch/game/core/src/main/de/dhbw/tinf22b6/gameobject/bullet/Bullet.java,de.dhbw.tinf22b6.gameobject.bullet.Bullet,render/1[de.dhbw.tinf22b6.gameobject.bullet.Batch],false,54,1,0,0,0,1,2,4,0,1,1,2,0,0,0,0,0,0,0,6,1,3,0,0,0,0,5,1,0,false
/Users/martin/repos/Underwatch/game/core/src/main/de/dhbw/tinf22b6/gameobject/bullet/Bullet.java,de.dhbw.tinf22b6.gameobject.bullet.Bullet,tick/1[float],false,69,1,0,0,0,3,6,16,0,1,1,6,0,0,0,0,0,0,0,3,6,7,2,0,0,0,18,1,0,false
/Users/martin/repos/Underwatch/game/core/src/main/de/dhbw/tinf22b6/screen/SettingsScreen.java,de.dhbw.tinf22b6.screen.SettingsScreen,show/0,false,17,0,0,0,0,1,0,2,0,0,0,0,0,0,0,0,0,0,0,0,0,0,0,0,0,0,1,1,0,false
/Users/martin/repos/Underwatch/game/core/src/main/de/dhbw/tinf22b6/screen/SettingsScreen.java,de.dhbw.tinf22b6.screen.SettingsScreen,hide/0,false,20,0,0,0,0,1,0,2,0,0,0,0,0,0,0,0,0,0,0,0,0,0,0,0,0,0,1,1,0,false
/Users/martin/repos/Underwatch/game/core/src/main/de/dhbw/tinf22b6/screen/SettingsScreen.java,de.dhbw.tinf22b6.screen.SettingsScreen,render/1[float],false,11,0,0,0,0,1,0,2,0,0,1,0,0,0,0,0,0,0,0,0,0,0,0,0,0,0,3,1,0,false
/Users/martin/repos/Underwatch/game/core/src/main/de/dhbw/tinf22b6/screen/SettingsScreen.java,de.dhbw.tinf22b6.screen.SettingsScreen,SettingsScreen/1[de.dhbw.tinf22b6.screen.Game],true,6,1,0,0,0,1,0,3,0,0,1,0,0,0,0,0,0,0,0,0,0,0,0,0,0,0,4,1,0,false
/Users/martin/repos/Underwatch/game/core/src/main/de/dhbw/tinf22b6/screen/SettingsScreen.java,de.dhbw.tinf22b6.screen.SettingsScreen,pause/0,false,23,0,0,0,0,1,0,2,0,0,0,0,0,0,0,0,0,0,0,0,0,0,0,0,0,0,1,1,0,false
/Users/martin/repos/Underwatch/game/core/src/main/de/dhbw/tinf22b6/screen/SettingsScreen.java,de.dhbw.tinf22b6.screen.SettingsScreen,"resize/2[int,int]",false,14,0,0,0,0,1,0,2,0,0,2,0,0,0,0,0,0,0,0,0,0,0,0,0,0,0,2,1,0,false
/Users/martin/repos/Underwatch/game/core/src/main/de/dhbw/tinf22b6/world/WorldController.java,de.dhbw.tinf22b6.world.WorldController,keyDown/1[int],false,106,2,4,0,4,9,5,19,1,0,1,5,0,0,0,8,0,0,0,4,5,0,1,0,0,0,13,1,0,false
/Users/martin/repos/Underwatch/game/core/src/main/de/dhbw/tinf22b6/world/WorldController.java,de.dhbw.tinf22b6.world.WorldController,"WorldController/3[de.dhbw.tinf22b6.world.Game,de.dhbw.tinf22b6.world.Camera,de.dhbw.tinf22b6.screen.GameScreen]",true,33,4,2,1,1,1,1,6,0,0,3,1,1,1,0,0,0,0,0,0,3,0,0,0,0,0,7,1,0,false
/Users/martin/repos/Underwatch/game/core/src/main/de/dhbw/tinf22b6/world/WorldController.java,de.dhbw.tinf22b6.world.WorldController,"scrolled/2[float,float]",false,127,1,1,0,1,3,2,9,1,0,2,2,0,0,0,0,0,0,0,2,0,0,1,0,0,0,5,1,0,false
/Users/martin/repos/Underwatch/game/core/src/main/de/dhbw/tinf22b6/world/WorldController.java,de.dhbw.tinf22b6.world.WorldController,init/0,false,40,4,5,1,4,1,4,8,0,0,0,4,0,0,0,0,0,0,0,2,2,0,0,0,0,0,7,2,0,false
/Users/martin/repos/Underwatch/game/core/src/main/de/dhbw/tinf22b6/world/WorldController.java,de.dhbw.tinf22b6.world.WorldController,handleInput/1[float],false,79,2,5,1,4,11,5,16,0,4,1,5,1,1,0,0,0,0,0,11,6,2,1,0,0,0,12,2,0,false
/Users/martin/repos/Underwatch/game/core/src/main/de/dhbw/tinf22b6/world/WorldController.java,de.dhbw.tinf22b6.world.WorldController,update/1[float],false,49,6,9,1,8,4,15,15,0,4,1,15,1,2,1,0,0,0,0,2,3,0,3,0,0,1,11,1,0,false
/Users/martin/repos/Underwatch/game/core/src/main/de/dhbw/tinf22b6/world/WorldController.java,de.dhbw.tinf22b6.world.WorldController,"moveCamera/2[float,float]",false,156,1,3,1,2,1,2,5,0,0,2,2,0,0,0,0,0,0,0,0,2,0,0,0,0,0,4,2,0,false
/Users/martin/repos/Underwatch/game/core/src/main/de/dhbw/tinf22b6/world/WorldController.java,de.dhbw.tinf22b6.world.WorldController,"touchDown/4[int,int,int,int]",false,100,1,1,0,1,1,2,4,1,0,4,2,0,0,0,0,0,0,0,0,0,0,0,0,0,0,3,1,0,false
/Users/martin/repos/Underwatch/game/core/src/main/de/dhbw/tinf22b6/world/WorldController.java,de.dhbw.tinf22b6.world.WorldController,keyUp/1[int],false,137,4,5,0,5,8,7,17,1,0,1,7,0,0,0,6,0,0,2,2,2,1,1,0,0,0,13,1,2,false
/Users/martin/repos/Underwatch/game/core/src/main/de/dhbw/tinf22b6/world/tiled/TiledMetricHeuristic.java,de.dhbw.tinf22b6.world.tiled.TiledMetricHeuristic,"estimate/2[N,N]",false,9,1,0,0,0,1,2,3,1,0,2,2,0,0,0,0,0,0,0,2,0,3,0,0,0,0,4,1,0,false
/Users/martin/repos/Underwatch/game/core/src/test/de/dhbw/tinf22b6/ApplicationTest.java,de.dhbw.tinf22b6.ApplicationTest,create/0,false,21,0,0,0,0,1,0,2,0,0,0,0,0,0,0,0,0,0,0,0,0,0,0,0,0,0,1,1,0,false
/Users/martin/repos/Underwatch/game/core/src/test/de/dhbw/tinf22b6/ApplicationTest.java,de.dhbw.tinf22b6.ApplicationTest,pause/0,false,30,0,0,0,0,1,0,2,0,0,0,0,0,0,0,0,0,0,0,0,0,0,0,0,0,0,1,1,0,false
/Users/martin/repos/Underwatch/game/core/src/test/de/dhbw/tinf22b6/ApplicationTest.java,de.dhbw.tinf22b6.ApplicationTest,render/0,false,27,0,0,0,0,1,0,2,0,0,0,0,0,0,0,0,0,0,0,0,0,0,0,0,0,0,1,1,0,false
/Users/martin/repos/Underwatch/game/core/src/test/de/dhbw/tinf22b6/ApplicationTest.java,de.dhbw.tinf22b6.ApplicationTest,ApplicationTest/0,true,13,3,0,0,0,1,1,6,0,1,0,1,0,0,0,0,0,0,0,0,2,0,0,0,0,0,6,1,0,false
/Users/martin/repos/Underwatch/game/core/src/test/de/dhbw/tinf22b6/ApplicationTest.java,de.dhbw.tinf22b6.ApplicationTest,resume/0,false,33,0,0,0,0,1,0,2,0,0,0,0,0,0,0,0,0,0,0,0,0,0,0,0,0,0,1,1,0,false
/Users/martin/repos/Underwatch/game/core/src/test/de/dhbw/tinf22b6/ApplicationTest.java,de.dhbw.tinf22b6.ApplicationTest,"resize/2[int,int]",false,24,0,0,0,0,1,0,2,0,0,2,0,0,0,0,0,0,0,0,0,0,0,0,0,0,0,2,1,0,false
/Users/martin/repos/Underwatch/game/core/src/test/de/dhbw/tinf22b6/ApplicationTest.java,de.dhbw.tinf22b6.ApplicationTest,dispose/0,false,36,0,0,0,0,1,0,2,0,0,0,0,0,0,0,0,0,0,0,0,0,0,0,0,0,0,1,1,0,false
/Users/martin/repos/Underwatch/game/core/src/main/de/dhbw/tinf22b6/world/tiled/TiledRaycastCollisionDetector.java,de.dhbw.tinf22b6.world.tiled.TiledRaycastCollisionDetector,collides/1[de.dhbw.tinf22b6.world.tiled.Ray<de.dhbw.tinf22b6.world.tiled.Vector2>],false,38,3,1,0,1,9,2,39,2,13,1,2,0,0,1,1,0,1,0,3,27,5,2,0,0,0,18,1,0,false
/Users/martin/repos/Underwatch/game/core/src/main/de/dhbw/tinf22b6/world/tiled/TiledRaycastCollisionDetector.java,de.dhbw.tinf22b6.world.tiled.TiledRaycastCollisionDetector,"findCollision/2[de.dhbw.tinf22b6.world.tiled.Collision<de.dhbw.tinf22b6.world.tiled.Vector2>,de.dhbw.tinf22b6.world.tiled.Ray<de.dhbw.tinf22b6.world.tiled.Vector2>]",false,86,2,0,0,0,1,0,3,0,0,2,0,0,0,0,0,0,0,0,0,0,0,0,0,0,0,7,1,0,false
/Users/martin/repos/Underwatch/game/core/src/main/de/dhbw/tinf22b6/world/tiled/TiledRaycastCollisionDetector.java,de.dhbw.tinf22b6.world.tiled.TiledRaycastCollisionDetector,TiledRaycastCollisionDetector/1[de.dhbw.tinf22b6.world.tiled.TiledGraph<N>],true,32,2,0,0,0,1,0,3,0,0,1,0,0,0,0,0,0,0,0,0,1,0,0,0,0,0,6,1,0,false
/Users/martin/repos/Underwatch/game/core/src/main/de/dhbw/tinf22b6/gameobject/enemy/SkeletonHat.java,de.dhbw.tinf22b6.gameobject.enemy.SkeletonHat,"SkeletonHat/2[de.dhbw.tinf22b6.gameobject.enemy.Vector2,int[][]]",true,6,2,1,1,0,1,0,3,0,0,2,0,0,0,0,0,0,0,1,0,0,0,0,0,0,0,5,1,0,false
/Users/martin/repos/Underwatch/game/core/src/main/de/dhbw/tinf22b6/gameobject/GameObject.java,de.dhbw.tinf22b6.gameobject.GameObject,"GameObject/3[java.lang.String,de.dhbw.tinf22b6.gameobject.Vector2,short]",true,23,3,1,0,1,1,1,5,0,0,3,1,0,0,0,0,0,0,0,1,3,2,0,0,0,0,14,1,0,false
/Users/martin/repos/Underwatch/game/core/src/main/de/dhbw/tinf22b6/gameobject/GameObject.java,de.dhbw.tinf22b6.gameobject.GameObject,getPos/0,false,52,1,11,11,0,1,0,3,1,0,0,0,0,0,0,0,0,0,0,0,0,0,0,0,0,0,4,1,0,false
/Users/martin/repos/Underwatch/game/core/src/main/de/dhbw/tinf22b6/gameobject/GameObject.java,de.dhbw.tinf22b6.gameobject.GameObject,getBody/0,false,40,1,3,3,0,1,0,3,1,0,0,0,0,0,0,0,0,0,0,0,0,0,0,0,0,0,3,1,0,false
/Users/martin/repos/Underwatch/game/core/src/main/de/dhbw/tinf22b6/gameobject/GameObject.java,de.dhbw.tinf22b6.gameobject.GameObject,isRemove/0,false,44,0,1,1,0,1,0,3,1,0,0,0,0,0,0,0,0,0,0,0,0,0,0,0,0,0,3,1,0,false
/Users/martin/repos/Underwatch/game/core/src/main/de/dhbw/tinf22b6/gameobject/GameObject.java,de.dhbw.tinf22b6.gameobject.GameObject,setRemove/1[boolean],false,48,0,2,2,0,1,0,3,0,0,1,0,0,0,0,0,0,0,0,0,1,0,0,0,0,0,3,1,0,false
/Users/martin/repos/Underwatch/game/core/src/main/de/dhbw/tinf22b6/gameobject/GameObject.java,de.dhbw.tinf22b6.gameobject.GameObject,render/1[de.dhbw.tinf22b6.gameobject.Batch],false,29,1,1,1,0,1,3,3,0,0,1,3,0,0,0,0,0,0,0,4,0,4,0,0,0,0,4,1,0,false
/Users/martin/repos/Underwatch/game/core/src/main/de/dhbw/tinf22b6/gameobject/GameObject.java,de.dhbw.tinf22b6.gameobject.GameObject,interact/1[de.dhbw.tinf22b6.gameobject.Player],false,56,2,2,1,1,1,1,3,0,0,1,1,1,1,0,0,0,0,0,0,0,0,0,0,0,0,4,1,0,false
/Users/martin/repos/Underwatch/game/core/src/main/de/dhbw/tinf22b6/gameobject/GameObject.java,de.dhbw.tinf22b6.gameobject.GameObject,tick/1[float],false,36,0,1,1,0,1,0,3,0,0,1,0,0,0,0,0,0,0,0,0,1,0,0,0,0,0,4,1,0,false
/Users/martin/repos/Underwatch/game/core/src/main/de/dhbw/tinf22b6/screen/GameScreen.java,de.dhbw.tinf22b6.screen.GameScreen,"resize/2[int,int]",false,59,2,2,0,2,1,2,4,0,0,2,2,0,0,0,0,0,0,0,0,0,0,0,0,0,0,2,1,0,false
/Users/martin/repos/Underwatch/game/core/src/main/de/dhbw/tinf22b6/screen/GameScreen.java,de.dhbw.tinf22b6.screen.GameScreen,setPaused/0,false,103,0,2,2,0,1,0,3,0,0,0,0,0,0,0,0,0,0,0,0,1,0,0,0,0,0,3,1,0,false
/Users/martin/repos/Underwatch/game/core/src/main/de/dhbw/tinf22b6/screen/GameScreen.java,de.dhbw.tinf22b6.screen.GameScreen,"GameScreen/2[de.dhbw.tinf22b6.screen.Game,de.dhbw.tinf22b6.world.TiledMap]",true,30,2,2,2,0,1,0,4,0,0,2,0,0,0,0,0,0,0,0,0,1,0,0,0,0,0,4,1,0,false
/Users/martin/repos/Underwatch/game/core/src/main/de/dhbw/tinf22b6/screen/GameScreen.java,de.dhbw.tinf22b6.screen.GameScreen,show/0,false,65,8,10,1,9,2,11,12,0,1,0,11,0,0,0,0,0,0,4,1,4,0,0,0,0,0,15,1,0,false
/Users/martin/repos/Underwatch/game/core/src/main/de/dhbw/tinf22b6/screen/GameScreen.java,de.dhbw.tinf22b6.screen.GameScreen,hide/0,false,82,0,0,0,0,1,1,3,0,0,0,1,0,0,0,0,0,0,0,0,0,0,0,0,0,0,1,1,0,false
/Users/martin/repos/Underwatch/game/core/src/main/de/dhbw/tinf22b6/screen/GameScreen.java,de.dhbw.tinf22b6.screen.GameScreen,unpause/0,false,98,0,1,1,0,1,1,4,0,0,0,1,0,0,0,0,0,0,0,0,1,0,0,0,0,0,4,1,0,false
/Users/martin/repos/Underwatch/game/core/src/main/de/dhbw/tinf22b6/screen/GameScreen.java,de.dhbw.tinf22b6.screen.GameScreen,isPaused/0,false,35,0,1,1,0,1,0,3,1,0,0,0,0,0,0,0,0,0,0,0,0,0,0,0,0,0,3,1,0,false
/Users/martin/repos/Underwatch/game/core/src/main/de/dhbw/tinf22b6/screen/GameScreen.java,de.dhbw.tinf22b6.screen.GameScreen,render/1[float],false,40,4,5,0,5,2,7,11,0,0,1,7,0,0,0,0,0,0,0,4,0,0,1,0,0,0,4,1,0,false
/Users/martin/repos/Underwatch/game/core/src/main/de/dhbw/tinf22b6/screen/GameScreen.java,de.dhbw.tinf22b6.screen.GameScreen,pause/0,false,87,0,0,0,0,1,0,3,0,0,0,0,0,0,0,0,0,0,0,0,1,0,0,0,0,0,3,1,0,false
/Users/martin/repos/Underwatch/game/core/src/main/de/dhbw/tinf22b6/screen/GameScreen.java,de.dhbw.tinf22b6.screen.GameScreen,resume/0,false,92,0,0,0,0,1,1,4,0,0,0,1,0,0,0,0,0,0,0,0,1,0,0,0,0,0,3,1,0,false
/Users/martin/repos/Underwatch/game/core/src/main/de/dhbw/tinf22b6/screen/GameScreen.java,de.dhbw.tinf22b6.screen.GameScreen,changeMap/1[de.dhbw.tinf22b6.world.WorldType],false,107,2,3,1,2,1,2,4,0,0,1,2,1,1,0,0,0,0,0,0,1,0,0,0,0,0,5,1,0,false
/Users/martin/repos/Underwatch/game/core/src/main/de/dhbw/tinf22b6/gameobject/Coin.java,de.dhbw.tinf22b6.gameobject.Coin,"Coin/2[de.dhbw.tinf22b6.gameobject.Vector2,de.dhbw.tinf22b6.gameobject.Rectangle]",true,14,6,3,1,2,1,11,12,0,2,2,11,0,0,0,0,0,2,1,7,6,14,0,0,0,0,24,1,0,false
/Users/martin/repos/Underwatch/game/core/src/main/de/dhbw/tinf22b6/world/tiled/TiledGraph.java,de.dhbw.tinf22b6.world.tiled.TiledGraph,"getNode/2[int,int]",false,30,1,0,0,0,1,0,1,0,0,2,0,0,0,0,0,0,0,0,0,0,0,0,0,0,0,4,1,0,false
/Users/martin/repos/Underwatch/game/core/src/main/de/dhbw/tinf22b6/world/tiled/TiledGraph.java,de.dhbw.tinf22b6.world.tiled.TiledGraph,init/1[int[][]],false,28,1,0,0,0,1,0,1,0,0,1,0,0,0,0,0,0,0,0,0,0,0,0,0,0,0,2,1,0,false
/Users/martin/repos/Underwatch/game/core/src/main/de/dhbw/tinf22b6/world/tiled/TiledGraph.java,de.dhbw.tinf22b6.world.tiled.TiledGraph,getNode/1[int],false,32,1,0,0,0,1,0,1,0,0,1,0,0,0,0,0,0,0,0,0,0,0,0,0,0,0,4,1,0,false
/Users/martin/repos/Underwatch/game/core/src/main/de/dhbw/tinf22b6/ui/menu/Menu.java,de.dhbw.tinf22b6.ui.menu.Menu$Anonymous3,"enter/5[de.dhbw.tinf22b6.ui.menu.InputEvent,float,float,int,de.dhbw.tinf22b6.ui.menu.Actor]",false,82,2,0,0,0,1,4,4,0,0,5,4,0,0,0,0,0,0,1,0,0,0,0,0,0,0,5,1,0,false
/Users/martin/repos/Underwatch/game/core/src/main/de/dhbw/tinf22b6/ui/menu/Menu.java,de.dhbw.tinf22b6.ui.menu.Menu$Anonymous3,"clicked/3[de.dhbw.tinf22b6.ui.menu.InputEvent,float,float]",false,77,3,7,0,7,1,1,3,0,0,3,1,0,0,0,0,0,0,0,0,0,0,0,0,0,0,5,1,0,false
/Users/martin/repos/Underwatch/game/core/src/main/de/dhbw/tinf22b6/ui/menu/Menu.java,de.dhbw.tinf22b6.ui.menu.Menu$Anonymous2,"clicked/3[de.dhbw.tinf22b6.ui.menu.InputEvent,float,float]",false,57,4,7,0,7,1,6,5,0,0,3,6,0,0,0,0,0,0,1,0,0,0,0,0,0,0,6,1,0,false
/Users/martin/repos/Underwatch/game/core/src/main/de/dhbw/tinf22b6/ui/menu/Menu.java,de.dhbw.tinf22b6.ui.menu.Menu$Anonymous2,"enter/5[de.dhbw.tinf22b6.ui.menu.InputEvent,float,float,int,de.dhbw.tinf22b6.ui.menu.Actor]",false,65,2,0,0,0,1,4,4,0,0,5,4,0,0,0,0,0,0,1,0,0,0,0,0,0,0,5,1,0,false
/Users/martin/repos/Underwatch/game/core/src/main/de/dhbw/tinf22b6/ui/menu/Menu.java,de.dhbw.tinf22b6.ui.menu.Menu$Anonymous5,"enter/5[de.dhbw.tinf22b6.ui.menu.InputEvent,float,float,int,de.dhbw.tinf22b6.ui.menu.Actor]",false,100,2,0,0,0,1,4,4,0,0,5,4,0,0,0,0,0,0,1,0,0,0,0,0,0,0,5,1,0,false
/Users/martin/repos/Underwatch/game/core/src/main/de/dhbw/tinf22b6/gameobject/enemy/Snarg.java,de.dhbw.tinf22b6.gameobject.enemy.Snarg,"Snarg/2[de.dhbw.tinf22b6.gameobject.enemy.Vector2,int[][]]",true,6,2,1,1,0,1,0,3,0,0,2,0,0,0,0,0,0,0,1,0,0,0,0,0,0,0,4,1,0,false
/Users/martin/repos/Underwatch/game/core/src/main/de/dhbw/tinf22b6/gameobject/interaction/InteractionObject.java,de.dhbw.tinf22b6.gameobject.interaction.InteractionObject,activate/0,false,54,0,1,1,0,1,0,3,0,0,0,0,0,0,0,0,0,0,0,0,1,0,0,0,0,0,3,1,0,false
/Users/martin/repos/Underwatch/game/core/src/main/de/dhbw/tinf22b6/gameobject/interaction/InteractionObject.java,de.dhbw.tinf22b6.gameobject.interaction.InteractionObject,deactivate/0,false,58,0,1,1,0,1,0,3,0,0,0,0,0,0,0,0,0,0,0,0,1,0,0,0,0,0,3,1,0,false
/Users/martin/repos/Underwatch/game/core/src/main/de/dhbw/tinf22b6/gameobject/interaction/InteractionObject.java,de.dhbw.tinf22b6.gameobject.interaction.InteractionObject,interact/1[de.dhbw.tinf22b6.gameobject.Player],false,63,1,0,0,0,1,1,3,0,0,1,1,0,0,0,0,0,0,0,0,0,0,0,0,0,0,3,1,0,false
/Users/martin/repos/Underwatch/game/core/src/main/de/dhbw/tinf22b6/gameobject/interaction/InteractionObject.java,de.dhbw.tinf22b6.gameobject.interaction.InteractionObject,"InteractionObject/3[java.lang.String,de.dhbw.tinf22b6.gameobject.interaction.Vector2,de.dhbw.tinf22b6.gameobject.interaction.Rectangle]",true,23,9,3,0,3,1,13,21,0,4,3,13,0,0,0,0,0,2,1,8,12,15,0,0,0,0,31,1,0,false
/Users/martin/repos/Underwatch/game/core/src/main/de/dhbw/tinf22b6/ui/menu/Menu.java,de.dhbw.tinf22b6.ui.menu.Menu$Anonymous4,"clicked/3[de.dhbw.tinf22b6.ui.menu.InputEvent,float,float]",false,94,1,7,0,7,1,1,3,0,0,3,1,0,0,0,0,0,0,0,0,0,0,0,0,0,0,4,1,0,false
/Users/martin/repos/Underwatch/game/core/src/main/de/dhbw/tinf22b6/gameobject/enemy/Babo.java,de.dhbw.tinf22b6.gameobject.enemy.Babo,"Babo/2[de.dhbw.tinf22b6.gameobject.enemy.Vector2,int[][]]",true,6,2,1,1,0,1,0,3,0,0,2,0,0,0,0,0,0,0,1,0,0,0,0,0,0,0,4,1,0,false
/Users/martin/repos/Underwatch/game/core/src/main/de/dhbw/tinf22b6/gameobject/Chest.java,de.dhbw.tinf22b6.gameobject.Chest,"Chest/2[de.dhbw.tinf22b6.gameobject.Vector2,de.dhbw.tinf22b6.gameobject.World]",true,8,2,0,0,0,1,0,3,0,0,2,0,0,0,0,0,0,0,1,0,0,0,0,0,0,0,3,1,0,false
/Users/martin/repos/Underwatch/game/core/src/main/de/dhbw/tinf22b6/ui/menu/Settings.java,de.dhbw.tinf22b6.ui.menu.Settings$OptionsClickHandler,"clicked/3[de.dhbw.tinf22b6.ui.menu.InputEvent,float,float]",false,114,2,0,0,0,2,7,9,0,0,3,7,0,0,0,1,0,0,1,0,2,0,1,0,0,0,13,1,0,false
/Users/martin/repos/Underwatch/game/core/src/test/de/dhbw/TestApplication.java,de.dhbw.TestApplication,"TestApplication/2[de.dhbw.ApplicationListener,de.dhbw.HeadlessApplicationConfiguration]",true,19,3,1,0,1,1,0,4,0,0,2,0,0,0,0,0,0,0,0,0,0,0,0,0,0,0,6,1,0,false
/Users/martin/repos/Underwatch/game/core/src/main/de/dhbw/tinf22b6/ui/menu/Settings.java,de.dhbw.tinf22b6.ui.menu.Settings$Anonymous3,"clicked/3[de.dhbw.tinf22b6.ui.menu.InputEvent,float,float]",false,101,3,7,0,7,1,2,3,0,0,3,2,0,0,0,0,0,0,0,0,0,0,0,0,0,0,5,1,0,false
/Users/martin/repos/Underwatch/game/core/src/main/de/dhbw/tinf22b6/ui/menu/Settings.java,de.dhbw.tinf22b6.ui.menu.Settings$Anonymous2,"changed/2[de.dhbw.tinf22b6.ui.menu.ChangeEvent,de.dhbw.tinf22b6.ui.menu.Actor]",false,55,2,0,0,0,1,3,4,0,0,2,3,0,0,0,0,0,0,1,0,0,0,0,0,0,0,4,1,0,false
/Users/martin/repos/Underwatch/game/core/src/main/de/dhbw/tinf22b6/ui/menu/Settings.java,de.dhbw.tinf22b6.ui.menu.Settings$Anonymous1,"changed/2[de.dhbw.tinf22b6.ui.menu.ChangeEvent,de.dhbw.tinf22b6.ui.menu.Actor]",false,41,2,0,0,0,1,5,6,0,0,2,5,0,0,0,0,0,0,2,0,0,0,0,0,0,0,4,1,0,false
/Users/martin/repos/Underwatch/game/core/src/main/de/dhbw/tinf22b6/ui/menu/Menu.java,de.dhbw.tinf22b6.ui.menu.Menu$Anonymous1,"clicked/3[de.dhbw.tinf22b6.ui.menu.InputEvent,float,float]",false,41,2,7,0,7,2,7,7,0,1,3,7,0,0,0,0,0,0,5,1,1,0,0,0,0,0,6,1,0,false
/Users/martin/repos/Underwatch/game/core/src/main/de/dhbw/tinf22b6/gameobject/interaction/AmmoBox.java,de.dhbw.tinf22b6.gameobject.interaction.AmmoBox,"AmmoBox/2[de.dhbw.tinf22b6.gameobject.interaction.Vector2,de.dhbw.tinf22b6.gameobject.interaction.Rectangle]",true,11,2,0,0,0,1,0,3,0,0,2,0,0,0,0,0,0,0,1,0,0,0,0,0,0,0,4,1,0,false
/Users/martin/repos/Underwatch/game/core/src/main/de/dhbw/tinf22b6/gameobject/interaction/AmmoBox.java,de.dhbw.tinf22b6.gameobject.interaction.AmmoBox,interact/1[de.dhbw.tinf22b6.gameobject.Player],false,24,2,1,0,1,1,2,4,0,0,1,2,0,0,0,0,0,0,0,0,0,0,0,0,0,0,3,1,0,false
/Users/martin/repos/Underwatch/game/core/src/main/de/dhbw/tinf22b6/gameobject/interaction/AmmoBox.java,de.dhbw.tinf22b6.gameobject.interaction.AmmoBox,activate/0,false,16,0,0,0,0,1,6,4,0,0,0,6,0,0,0,0,0,0,3,0,0,0,0,0,0,0,1,1,0,false
/Users/martin/repos/Underwatch/game/core/src/main/de/dhbw/tinf22b6/weapon/CrossBow.java,de.dhbw.tinf22b6.weapon.CrossBow,shoot/0,false,14,5,5,0,5,4,8,20,1,3,0,8,0,0,1,0,1,1,0,7,5,4,4,0,0,1,12,1,0,false
/Users/martin/repos/Underwatch/game/core/src/main/de/dhbw/tinf22b6/weapon/CrossBow.java,de.dhbw.tinf22b6.weapon.CrossBow,CrossBow/0,true,9,0,0,0,0,1,0,3,0,0,0,0,0,0,0,0,0,0,1,2,0,0,0,0,0,0,2,1,0,false
/Users/martin/repos/Underwatch/game/core/src/main/de/dhbw/tinf22b6/gameobject/enemy/Grakor.java,de.dhbw.tinf22b6.gameobject.enemy.Grakor,"Grakor/2[de.dhbw.tinf22b6.gameobject.enemy.Vector2,int[][]]",true,6,2,1,1,0,1,0,3,0,0,2,0,0,0,0,0,0,0,1,0,0,0,0,0,0,0,4,1,0,false
/Users/martin/repos/Underwatch/game/core/src/main/de/dhbw/tinf22b6/ui/ingame/GameOverStage.java,de.dhbw.tinf22b6.ui.ingame.GameOverStage,uploadScore/1[java.lang.String],false,81,1,5,1,4,1,21,16,0,3,1,21,0,0,0,0,0,0,3,2,2,0,0,0,0,1,10,2,1,false
/Users/martin/repos/Underwatch/game/core/src/main/de/dhbw/tinf22b6/ui/ingame/GameOverStage.java,de.dhbw.tinf22b6.ui.ingame.GameOverStage,GameOverStage/1[de.dhbw.tinf22b6.ui.ingame.Game],true,24,10,3,1,2,3,18,48,0,9,1,18,0,0,0,1,0,0,7,9,8,1,3,2,0,1,35,1,1,false
/Users/martin/repos/Underwatch/game/core/src/main/de/dhbw/tinf22b6/ui/ingame/GameOverStage.java,de.dhbw.tinf22b6.ui.ingame.GameOverStage,update/0,false,77,1,2,1,1,1,2,3,0,0,0,2,0,0,0,0,0,0,1,0,0,1,0,0,0,0,1,1,0,false
/Users/martin/repos/Underwatch/game/core/src/main/de/dhbw/tinf22b6/screen/MenuScreen.java,de.dhbw.tinf22b6.screen.MenuScreen,MenuScreen/1[de.dhbw.tinf22b6.screen.Game],true,38,7,4,2,2,1,3,9,0,0,1,3,1,1,0,0,0,0,0,0,6,0,0,0,0,0,23,1,0,false
/Users/martin/repos/Underwatch/game/core/src/main/de/dhbw/tinf22b6/screen/MenuScreen.java,de.dhbw.tinf22b6.screen.MenuScreen,"resize/2[int,int]",false,172,2,2,0,2,1,4,5,0,0,2,4,1,1,0,0,0,0,0,2,0,0,0,0,0,0,6,1,0,false
/Users/martin/repos/Underwatch/game/core/src/main/de/dhbw/tinf22b6/screen/MenuScreen.java,de.dhbw.tinf22b6.screen.MenuScreen,blurTexture/1[de.dhbw.tinf22b6.screen.Texture],false,75,1,1,1,0,3,8,24,1,2,1,8,0,0,1,1,0,0,6,19,2,0,1,0,0,0,10,2,0,false
/Users/martin/repos/Underwatch/game/core/src/main/de/dhbw/tinf22b6/screen/MenuScreen.java,de.dhbw.tinf22b6.screen.MenuScreen,hide/0,false,164,0,0,0,0,1,1,3,0,0,0,1,0,0,0,0,0,0,0,0,0,0,0,0,0,0,1,1,0,false
/Users/martin/repos/Underwatch/game/core/src/main/de/dhbw/tinf22b6/screen/MenuScreen.java,de.dhbw.tinf22b6.screen.MenuScreen,render/1[float],false,123,3,3,0,3,1,13,15,0,2,1,13,2,1,0,0,0,0,0,10,2,0,0,0,0,0,12,1,0,false
/Users/martin/repos/Underwatch/game/core/src/main/de/dhbw/tinf22b6/screen/MenuScreen.java,de.dhbw.tinf22b6.screen.MenuScreen,pause/0,false,169,0,0,0,0,1,0,2,0,0,0,0,0,0,0,0,0,0,0,0,0,0,0,0,0,0,1,1,0,false
/Users/martin/repos/Underwatch/game/core/src/main/de/dhbw/tinf22b6/screen/MenuScreen.java,de.dhbw.tinf22b6.screen.MenuScreen,createBlurShader/0,false,48,2,1,1,0,2,3,7,1,1,0,3,0,0,0,0,0,0,2,0,1,0,1,0,0,0,8,2,0,false
/Users/martin/repos/Underwatch/game/core/src/main/de/dhbw/tinf22b6/screen/MenuScreen.java,de.dhbw.tinf22b6.screen.MenuScreen,moveCamera/1[float],false,143,0,1,1,0,1,4,6,0,0,1,4,0,0,0,0,0,1,0,1,2,1,0,0,0,0,5,2,0,false
/Users/martin/repos/Underwatch/game/core/src/main/de/dhbw/tinf22b6/screen/MenuScreen.java,de.dhbw.tinf22b6.screen.MenuScreen,dispose/0,false,178,1,1,0,1,1,1,3,0,0,0,1,0,0,0,0,0,0,0,0,0,0,0,0,0,0,1,1,0,false
/Users/martin/repos/Underwatch/game/core/src/main/de/dhbw/tinf22b6/screen/MenuScreen.java,de.dhbw.tinf22b6.screen.MenuScreen,show/0,false,151,1,1,0,1,2,8,8,0,0,0,8,0,0,0,0,0,0,4,4,1,0,0,0,0,0,5,1,0,false
/Users/martin/repos/Underwatch/game/core/src/main/de/dhbw/tinf22b6/screen/MenuScreen.java,de.dhbw.tinf22b6.screen.MenuScreen,"buildFBO/2[int,int]",false,57,2,1,1,0,6,3,12,1,2,2,3,0,0,0,5,0,4,0,3,5,4,1,0,0,0,17,2,0,false
/Users/martin/repos/Underwatch/game/core/src/main/de/dhbw/tinf22b6/gameobject/interaction/HealthBox.java,de.dhbw.tinf22b6.gameobject.interaction.HealthBox,interact/1[de.dhbw.tinf22b6.gameobject.Player],false,22,2,1,0,1,1,2,4,0,0,1,2,0,0,0,0,0,0,0,0,0,0,0,0,0,0,3,1,0,false
/Users/martin/repos/Underwatch/game/core/src/main/de/dhbw/tinf22b6/gameobject/interaction/HealthBox.java,de.dhbw.tinf22b6.gameobject.interaction.HealthBox,"HealthBox/2[de.dhbw.tinf22b6.gameobject.interaction.Vector2,de.dhbw.tinf22b6.gameobject.interaction.Rectangle]",true,10,2,0,0,0,1,0,3,0,0,2,0,0,0,0,0,0,0,1,0,0,0,0,0,0,0,4,1,0,false
/Users/martin/repos/Underwatch/game/core/src/main/de/dhbw/tinf22b6/gameobject/interaction/HealthBox.java,de.dhbw.tinf22b6.gameobject.interaction.HealthBox,activate/0,false,16,0,0,0,0,1,1,3,0,0,0,1,0,0,0,0,0,0,0,0,0,0,0,0,0,0,1,1,0,false
/Users/martin/repos/Underwatch/game/core/src/main/de/dhbw/tinf22b6/ai/EnemyFSMState.java,de.dhbw.tinf22b6.ai.EnemyFSMState$Anonymous1,update/1[de.dhbw.tinf22b6.gameobject.enemy.Enemy],false,10,1,0,0,0,1,1,3,0,0,1,1,0,0,0,0,0,0,0,0,0,0,0,0,0,0,3,1,0,false
/Users/martin/repos/Underwatch/game/core/src/main/de/dhbw/tinf22b6/ai/EnemyFSMState.java,de.dhbw.tinf22b6.ai.EnemyFSMState$Anonymous1,enter/1[de.dhbw.tinf22b6.gameobject.enemy.Enemy],false,15,1,0,0,0,1,1,3,0,0,1,1,0,0,0,0,0,0,0,0,0,0,0,0,0,0,3,1,0,false
/Users/martin/repos/Underwatch/game/core/src/main/de/dhbw/tinf22b6/weapon/M4.java,de.dhbw.tinf22b6.weapon.M4,M4/0,true,11,2,2,1,1,1,1,4,0,0,0,1,0,0,0,0,0,0,2,3,1,0,0,0,0,0,1,1,0,false
/Users/martin/repos/Underwatch/game/core/src/main/de/dhbw/tinf22b6/weapon/M4.java,de.dhbw.tinf22b6.weapon.M4,shoot/0,false,17,5,5,0,5,3,8,17,1,2,0,8,0,0,0,0,1,1,0,4,2,4,3,0,0,1,11,1,0,false
/Users/martin/repos/Underwatch/game/core/src/main/de/dhbw/tinf22b6/world/tiled/FlatTiledConnection.java,de.dhbw.tinf22b6.world.tiled.FlatTiledConnection,"FlatTiledConnection/3[de.dhbw.tinf22b6.world.tiled.FlatTiledGraph,de.dhbw.tinf22b6.world.tiled.FlatTiledNode,de.dhbw.tinf22b6.world.tiled.FlatTiledNode]",true,31,2,6,6,0,1,0,4,0,0,3,0,0,0,0,0,0,0,0,0,1,0,0,0,0,0,8,1,0,false
/Users/martin/repos/Underwatch/game/core/src/main/de/dhbw/tinf22b6/world/tiled/FlatTiledConnection.java,de.dhbw.tinf22b6.world.tiled.FlatTiledConnection,getCost/0,false,37,0,5,5,0,4,1,7,3,0,0,1,0,0,0,2,0,0,0,2,0,0,1,0,0,0,15,1,0,false
/Users/martin/repos/Underwatch/game/core/src/main/de/dhbw/tinf22b6/world/WorldParser.java,de.dhbw.tinf22b6.world.WorldParser,"getDynamicBodyDef/2[float,float]",false,190,3,6,5,1,1,1,3,1,0,2,1,1,1,0,0,0,0,0,0,0,0,0,0,0,0,6,9,0,false
/Users/martin/repos/Underwatch/game/core/src/main/de/dhbw/tinf22b6/world/WorldParser.java,de.dhbw.tinf22b6.world.WorldParser,"parseTorches/2[de.dhbw.tinf22b6.world.TiledMap,de.dhbw.tinf22b6.world.RayHandler]",false,150,6,1,1,0,6,10,15,1,6,2,10,0,0,2,3,0,0,1,15,6,5,3,0,0,0,26,9,0,false
/Users/martin/repos/Underwatch/game/core/src/main/de/dhbw/tinf22b6/world/WorldParser.java,de.dhbw.tinf22b6.world.WorldParser,getWallFixture/1[de.dhbw.tinf22b6.world.Shape],false,194,2,1,1,0,1,0,8,1,1,1,0,0,0,0,0,0,0,0,2,5,0,0,0,0,0,8,10,0,false
/Users/martin/repos/Underwatch/game/core/src/main/de/dhbw/tinf22b6/world/WorldParser.java,de.dhbw.tinf22b6.world.WorldParser,parseNavigationMap/1[de.dhbw.tinf22b6.world.TiledMap],false,204,4,1,1,0,6,8,17,2,6,1,8,0,0,2,3,0,0,1,3,8,0,3,0,0,0,24,9,0,false
/Users/martin/repos/Underwatch/game/core/src/main/de/dhbw/tinf22b6/world/WorldParser.java,de.dhbw.tinf22b6.world.WorldParser,"getStaticBodyDef/2[float,float]",false,174,1,4,4,0,1,1,6,1,1,2,1,0,0,0,0,0,0,0,0,2,0,0,0,0,0,6,9,0,false
/Users/martin/repos/Underwatch/game/core/src/main/de/dhbw/tinf22b6/world/WorldParser.java,de.dhbw.tinf22b6.world.WorldParser,parseStaticObjects/1[de.dhbw.tinf22b6.world.TiledMap],false,34,14,4,1,3,10,24,44,1,19,1,24,2,1,2,4,0,2,3,15,19,29,4,0,0,0,44,9,1,false
/Users/martin/repos/Underwatch/game/core/src/main/de/dhbw/tinf22b6/world/WorldParser.java,de.dhbw.tinf22b6.world.WorldParser,parseGameObjects/1[de.dhbw.tinf22b6.world.TiledMap],false,94,20,14,1,13,21,13,44,1,11,1,13,1,1,3,3,0,0,11,13,11,0,6,0,0,0,40,9,0,false
/Users/martin/repos/Underwatch/game/core/src/main/de/dhbw/tinf22b6/world/WorldParser.java,de.dhbw.tinf22b6.world.WorldParser,getDynamicBodyDef/1[de.dhbw.tinf22b6.gameobject.enemy.Vector2],false,182,2,2,2,0,1,1,6,1,1,1,1,0,0,0,0,0,0,0,0,2,0,0,0,0,0,7,9,0,false
/Users/martin/repos/Underwatch/game/core/src/main/de/dhbw/tinf22b6/gameobject/CandleStick.java,de.dhbw.tinf22b6.gameobject.CandleStick,"CandleStick/2[de.dhbw.tinf22b6.gameobject.Vector2,de.dhbw.tinf22b6.gameobject.Rectangle]",true,14,6,3,1,2,1,10,11,0,2,2,10,0,0,0,0,0,2,1,7,5,15,0,0,0,0,24,1,0,false
/Users/martin/repos/Underwatch/game/core/src/main/de/dhbw/tinf22b6/world/tiled/FlatTiledGraph.java,de.dhbw.tinf22b6.world.tiled.FlatTiledGraph,"getNode/2[int,int]",false,191,1,23,23,0,1,1,3,1,0,2,1,0,0,0,0,0,0,0,0,0,2,0,0,0,0,8,1,0,false
/Users/martin/repos/Underwatch/game/core/src/main/de/dhbw/tinf22b6/world/tiled/FlatTiledGraph.java,de.dhbw.tinf22b6.world.tiled.FlatTiledGraph,getConnections/1[de.dhbw.tinf22b6.world.tiled.FlatTiledNode],false,211,4,2,1,1,1,1,3,1,0,1,1,0,0,0,0,0,0,0,0,0,0,0,0,0,0,6,1,0,false
/Users/martin/repos/Underwatch/game/core/src/main/de/dhbw/tinf22b6/world/tiled/FlatTiledGraph.java,de.dhbw.tinf22b6.world.tiled.FlatTiledGraph,"FlatTiledGraph/2[int[][],boolean]",true,41,3,7,6,1,1,1,8,0,0,2,1,1,3,0,0,0,0,0,1,5,1,0,0,0,0,9,1,0,false
/Users/martin/repos/Underwatch/game/core/src/main/de/dhbw/tinf22b6/world/tiled/FlatTiledGraph.java,de.dhbw.tinf22b6.world.tiled.FlatTiledGraph,init/1[int[][]],false,51,3,5,2,3,37,3,91,1,8,1,3,2,2,6,9,0,0,0,132,10,18,4,0,0,0,15,1,0,false
/Users/martin/repos/Underwatch/game/core/src/main/de/dhbw/tinf22b6/world/tiled/FlatTiledGraph.java,de.dhbw.tinf22b6.world.tiled.FlatTiledGraph,getNode/1[int],false,196,1,1,1,0,1,1,3,1,0,1,1,0,0,0,0,0,0,0,0,0,0,0,0,0,0,5,1,0,false
/Users/martin/repos/Underwatch/game/core/src/main/de/dhbw/tinf22b6/world/tiled/FlatTiledGraph.java,de.dhbw.tinf22b6.world.tiled.FlatTiledGraph,getNodeCount/0,false,206,0,1,1,0,1,0,3,1,0,0,0,0,0,0,0,0,0,0,0,0,0,0,0,0,0,3,1,0,false
/Users/martin/repos/Underwatch/game/core/src/main/de/dhbw/tinf22b6/world/tiled/FlatTiledGraph.java,de.dhbw.tinf22b6.world.tiled.FlatTiledGraph,FlatTiledGraph/1[int[][]],true,32,3,19,18,1,1,1,8,0,0,1,1,1,3,0,0,0,0,0,1,5,1,0,0,0,0,9,1,0,false
/Users/martin/repos/Underwatch/game/core/src/main/de/dhbw/tinf22b6/world/tiled/FlatTiledGraph.java,de.dhbw.tinf22b6.world.tiled.FlatTiledGraph,getIndex/1[de.dhbw.tinf22b6.world.tiled.FlatTiledNode],false,201,1,1,0,1,1,1,3,1,0,1,1,0,0,0,0,0,0,0,0,0,0,0,0,0,0,6,1,0,false
/Users/martin/repos/Underwatch/game/core/src/main/de/dhbw/tinf22b6/world/tiled/FlatTiledGraph.java,de.dhbw.tinf22b6.world.tiled.FlatTiledGraph,"addConnection/3[de.dhbw.tinf22b6.world.tiled.FlatTiledNode,int,int]",false,215,4,4,1,3,2,3,4,0,1,3,3,1,1,0,1,0,0,0,0,1,2,1,0,0,0,9,2,0,false
/Users/martin/repos/Underwatch/game/core/src/main/de/dhbw/tinf22b6/ui/menu/Menu.java,de.dhbw.tinf22b6.ui.menu.Menu,getDadJoke/0,false,109,0,1,1,0,1,12,7,1,3,0,12,0,0,0,0,0,0,3,0,3,0,0,0,0,0,11,2,0,false
/Users/martin/repos/Underwatch/game/core/src/main/de/dhbw/tinf22b6/ui/menu/Menu.java,de.dhbw.tinf22b6.ui.menu.Menu,"Menu/2[de.dhbw.tinf22b6.ui.menu.StageManager,de.dhbw.tinf22b6.ui.menu.Music]",true,25,10,5,2,3,1,14,72,0,8,2,14,1,1,0,0,0,0,3,8,8,2,0,5,0,0,34,1,0,false
/Users/martin/repos/Underwatch/game/core/src/test/de/dhbw/tinf22b6/world/tiled/TiledRaycastCollisionDetectorTest.java,de.dhbw.tinf22b6.world.tiled.TiledRaycastCollisionDetectorTest,testCollides_FreePath_Steep/0,false,48,7,4,0,4,1,4,6,0,3,0,4,2,1,0,0,0,0,0,4,3,0,0,0,0,0,17,1,0,false
/Users/martin/repos/Underwatch/game/core/src/test/de/dhbw/tinf22b6/world/tiled/TiledRaycastCollisionDetectorTest.java,de.dhbw.tinf22b6.world.tiled.TiledRaycastCollisionDetectorTest,testCollides_FreePath/0,false,24,7,4,0,4,1,4,6,0,3,0,4,2,1,0,0,0,0,0,4,3,0,0,0,0,0,16,1,0,false
/Users/martin/repos/Underwatch/game/core/src/test/de/dhbw/tinf22b6/world/tiled/TiledRaycastCollisionDetectorTest.java,de.dhbw.tinf22b6.world.tiled.TiledRaycastCollisionDetectorTest,testCollides_FreePath_Reversed/0,false,36,7,4,0,4,1,4,6,0,3,0,4,2,1,0,0,0,0,0,4,3,0,0,0,0,0,17,1,0,false
/Users/martin/repos/Underwatch/game/core/src/test/de/dhbw/tinf22b6/world/tiled/TiledRaycastCollisionDetectorTest.java,de.dhbw.tinf22b6.world.tiled.TiledRaycastCollisionDetectorTest,testCollides_FreePath_yStep/0,false,60,7,4,0,4,1,4,6,0,3,0,4,2,1,0,0,0,0,0,4,3,0,0,0,0,0,18,1,0,false
/Users/martin/repos/Underwatch/game/core/src/test/de/dhbw/tinf22b6/world/tiled/TiledRaycastCollisionDetectorTest.java,de.dhbw.tinf22b6.world.tiled.TiledRaycastCollisionDetectorTest,testCollides_WithWall/0,false,72,7,4,0,4,1,4,6,0,3,0,4,2,1,0,0,0,0,0,4,3,0,0,0,0,0,15,1,0,false
/Users/martin/repos/Underwatch/game/core/src/test/de/dhbw/tinf22b6/world/tiled/TiledRaycastCollisionDetectorTest.java,de.dhbw.tinf22b6.world.tiled.TiledRaycastCollisionDetectorTest,createEmptyWorldMap/0,false,97,3,5,4,1,1,0,3,1,0,0,0,0,0,0,0,0,0,0,0,0,0,0,0,0,0,9,2,0,false
/Users/martin/repos/Underwatch/game/core/src/test/de/dhbw/tinf22b6/world/tiled/TiledRaycastCollisionDetectorTest.java,de.dhbw.tinf22b6.world.tiled.TiledRaycastCollisionDetectorTest,testCollides_WithWall_Reversed/0,false,84,7,4,0,4,1,4,6,0,3,0,4,2,1,0,0,0,0,0,4,3,0,0,0,0,0,16,1,0,false
/Users/martin/repos/Underwatch/game/core/src/test/de/dhbw/tinf22b6/world/tiled/TiledRaycastCollisionDetectorTest.java,de.dhbw.tinf22b6.world.tiled.TiledRaycastCollisionDetectorTest,"createRay/2[de.dhbw.tinf22b6.world.tiled.Vector2,de.dhbw.tinf22b6.world.tiled.Vector2]",false,105,2,6,6,0,1,0,3,1,0,2,0,0,0,0,0,0,0,0,0,0,0,0,0,0,0,4,2,0,false
/Users/martin/repos/Underwatch/game/core/src/test/de/dhbw/tinf22b6/world/tiled/TiledRaycastCollisionDetectorTest.java,de.dhbw.tinf22b6.world.tiled.TiledRaycastCollisionDetectorTest,createWorldMapWithWall/0,false,101,3,3,2,1,1,0,3,1,0,0,0,0,0,0,0,0,0,0,0,0,0,0,0,0,0,10,2,0,false
/Users/martin/repos/Underwatch/game/core/src/main/de/dhbw/tinf22b6/util/Assets.java,de.dhbw.tinf22b6.util.Assets,"error/2[de.dhbw.tinf22b6.util.AssetDescriptor,java.lang.Throwable]",false,47,1,0,0,0,1,1,3,0,0,2,1,0,0,0,0,0,0,2,0,0,1,0,0,0,0,6,1,1,false
/Users/martin/repos/Underwatch/game/core/src/main/de/dhbw/tinf22b6/util/Assets.java,de.dhbw.tinf22b6.util.Assets,dispose/0,false,42,0,1,1,0,1,1,3,0,0,0,1,0,0,0,0,0,0,0,0,0,0,0,0,0,0,1,1,0,false
/Users/martin/repos/Underwatch/game/core/src/main/de/dhbw/tinf22b6/util/Assets.java,de.dhbw.tinf22b6.util.Assets,getSprite/1[java.lang.String],false,51,2,1,1,0,1,2,3,1,0,1,2,0,0,0,0,0,0,0,0,0,0,0,0,0,0,3,1,0,false
/Users/martin/repos/Underwatch/game/core/src/main/de/dhbw/tinf22b6/util/Assets.java,de.dhbw.tinf22b6.util.Assets,init/1[de.dhbw.tinf22b6.util.AssetManager],false,20,3,2,2,0,2,5,9,0,0,1,5,0,0,1,0,0,0,2,0,1,2,1,0,0,0,7,1,2,false
/Users/martin/repos/Underwatch/game/core/src/main/de/dhbw/tinf22b6/util/Assets.java,de.dhbw.tinf22b6.util.Assets,getAnimationAtlasRegion/1[java.lang.String],false,33,3,8,8,0,1,2,3,1,0,1,2,0,0,0,0,0,0,0,0,0,0,0,0,0,0,5,1,0,false
/Users/martin/repos/Underwatch/game/core/src/main/de/dhbw/tinf22b6/util/Assets.java,de.dhbw.tinf22b6.util.Assets,getSkin/0,false,37,1,6,6,0,1,1,3,1,0,0,1,0,0,0,0,0,0,0,0,0,0,0,0,0,0,2,1,0,false
/Users/martin/repos/Underwatch/game/core/src/main/de/dhbw/tinf22b6/util/Assets.java,de.dhbw.tinf22b6.util.Assets,Assets/0,true,18,0,0,0,0,1,0,2,0,0,0,0,0,0,0,0,0,0,0,0,0,0,0,0,0,0,1,2,0,false
/Users/martin/repos/Underwatch/game/core/src/test/de/dhbw/tinf22b6/world/tiled/TiledManhattanDistanceTest.java,de.dhbw.tinf22b6.world.tiled.TiledManhattanDistanceTest,test_estimate/0,false,11,5,4,0,4,1,4,8,0,5,0,4,0,0,0,0,0,0,0,17,5,3,0,0,0,0,14,1,0,false
/Users/martin/repos/Underwatch/game/core/src/main/de/dhbw/tinf22b6/ai/EnemyFSMState.java,de.dhbw.tinf22b6.ai.EnemyFSMState,"onMessage/2[de.dhbw.tinf22b6.gameobject.enemy.Enemy,de.dhbw.tinf22b6.ai.Telegram]",false,41,2,0,0,0,1,0,3,0,0,2,0,0,0,0,0,0,0,1,0,0,0,0,0,0,0,8,1,0,false
/Users/martin/repos/Underwatch/game/core/src/main/de/dhbw/tinf22b6/ai/EnemyFSMState.java,de.dhbw.tinf22b6.ai.EnemyFSMState,enter/1[de.dhbw.tinf22b6.gameobject.enemy.Enemy],false,23,1,0,0,0,1,0,3,0,0,1,0,0,0,0,0,0,0,1,0,0,0,0,0,0,0,7,1,0,false
/Users/martin/repos/Underwatch/game/core/src/main/de/dhbw/tinf22b6/ai/EnemyFSMState.java,de.dhbw.tinf22b6.ai.EnemyFSMState,exit/1[de.dhbw.tinf22b6.gameobject.enemy.Enemy],false,35,1,0,0,0,1,0,3,0,0,1,0,0,0,0,0,0,0,1,0,0,0,0,0,0,0,7,1,0,false
/Users/martin/repos/Underwatch/game/core/src/main/de/dhbw/tinf22b6/ai/EnemyFSMState.java,de.dhbw.tinf22b6.ai.EnemyFSMState,update/1[de.dhbw.tinf22b6.gameobject.enemy.Enemy],false,29,1,0,0,0,1,0,3,0,0,1,0,0,0,0,0,0,0,1,0,0,0,0,0,0,0,7,1,0,false
/Users/martin/repos/Underwatch/game/core/src/main/de/dhbw/tinf22b6/ui/menu/Settings.java,de.dhbw.tinf22b6.ui.menu.Settings$OptionsKeyPressHandler,"keyDown/2[de.dhbw.tinf22b6.ui.menu.InputEvent,int]",false,129,1,0,0,0,8,12,20,2,6,2,12,0,0,0,2,0,0,0,0,3,0,3,0,0,2,21,1,0,false
/Users/martin/repos/Underwatch/game/core/src/main/de/dhbw/tinf22b6/ai/EnemySteeringBehaviour.java,de.dhbw.tinf22b6.ai.EnemySteeringBehaviour,calculateRealSteering/1[de.dhbw.tinf22b6.ai.SteeringAcceleration<de.dhbw.tinf22b6.ai.Vector2>],false,14,2,0,0,0,1,0,4,1,1,1,0,0,0,0,0,0,0,0,2,1,0,0,0,0,0,6,4,0,false
/Users/martin/repos/Underwatch/game/core/src/main/de/dhbw/tinf22b6/ai/EnemySteeringBehaviour.java,de.dhbw.tinf22b6.ai.EnemySteeringBehaviour,EnemySteeringBehaviour/1[de.dhbw.tinf22b6.ai.Steerable<de.dhbw.tinf22b6.ai.Vector2>],true,9,1,1,1,0,1,0,3,0,0,1,0,0,0,0,0,0,0,0,0,0,0,0,0,0,0,4,1,0,false
/Users/martin/repos/Underwatch/game/core/src/main/de/dhbw/tinf22b6/gameobject/enemy/Enemy.java,de.dhbw.tinf22b6.gameobject.enemy.Enemy,setMaxLinearSpeed/1[float],false,238,0,0,0,0,1,0,3,0,0,1,0,0,0,0,0,0,0,0,0,1,0,0,0,0,0,5,1,0,false
/Users/martin/repos/Underwatch/game/core/src/main/de/dhbw/tinf22b6/gameobject/enemy/Enemy.java,de.dhbw.tinf22b6.gameobject.enemy.Enemy,tick/1[float],false,91,2,2,0,2,1,4,7,0,0,1,4,1,3,0,0,0,0,0,2,2,4,0,0,0,0,10,1,0,false
/Users/martin/repos/Underwatch/game/core/src/main/de/dhbw/tinf22b6/gameobject/enemy/Enemy.java,de.dhbw.tinf22b6.gameobject.enemy.Enemy,vectorToAngle/1[de.dhbw.tinf22b6.gameobject.enemy.Vector2],false,324,2,1,0,1,1,1,3,1,0,1,1,0,0,0,0,0,0,0,0,0,0,0,0,0,0,4,1,0,false
/Users/martin/repos/Underwatch/game/core/src/main/de/dhbw/tinf22b6/gameobject/enemy/Enemy.java,de.dhbw.tinf22b6.gameobject.enemy.Enemy,setZeroLinearSpeedThreshold/1[float],false,274,0,0,0,0,1,0,3,0,0,1,0,0,0,0,0,0,0,0,0,0,0,0,0,0,0,9,1,0,false
/Users/martin/repos/Underwatch/game/core/src/main/de/dhbw/tinf22b6/gameobject/enemy/Enemy.java,de.dhbw.tinf22b6.gameobject.enemy.Enemy,"Enemy/3[java.lang.String,de.dhbw.tinf22b6.gameobject.enemy.Vector2,int[][]]",true,51,11,5,0,5,1,7,32,0,5,3,7,0,0,0,0,0,0,0,10,22,8,0,0,0,0,29,1,0,false
/Users/martin/repos/Underwatch/game/core/src/main/de/dhbw/tinf22b6/gameobject/enemy/Enemy.java,de.dhbw.tinf22b6.gameobject.enemy.Enemy,isTagged/0,false,309,0,0,0,0,1,0,3,1,0,0,0,0,0,0,0,0,0,0,0,0,0,0,0,0,0,3,1,0,false
/Users/martin/repos/Underwatch/game/core/src/main/de/dhbw/tinf22b6/gameobject/enemy/Enemy.java,de.dhbw.tinf22b6.gameobject.enemy.Enemy,newLocation/0,false,319,3,1,0,1,1,0,3,1,0,0,0,0,0,0,0,0,0,0,0,0,0,0,0,0,0,4,1,0,false
/Users/martin/repos/Underwatch/game/core/src/main/de/dhbw/tinf22b6/gameobject/enemy/Enemy.java,de.dhbw.tinf22b6.gameobject.enemy.Enemy,getBoundingRadius/0,false,304,0,0,0,0,1,0,3,1,0,0,0,0,0,0,0,0,0,0,1,0,0,0,0,0,0,3,1,0,false
/Users/martin/repos/Underwatch/game/core/src/main/de/dhbw/tinf22b6/gameobject/enemy/Enemy.java,de.dhbw.tinf22b6.gameobject.enemy.Enemy,getMaxAngularAcceleration/0,false,261,0,0,0,0,1,0,3,1,0,0,0,0,0,0,0,0,0,0,1,0,0,0,0,0,0,4,1,0,false
/Users/martin/repos/Underwatch/game/core/src/main/de/dhbw/tinf22b6/gameobject/enemy/Enemy.java,de.dhbw.tinf22b6.gameobject.enemy.Enemy,getZeroLinearSpeedThreshold/0,false,269,0,0,0,0,1,0,3,1,0,0,0,0,0,0,0,0,0,0,1,0,0,0,0,0,0,5,1,0,false
/Users/martin/repos/Underwatch/game/core/src/main/de/dhbw/tinf22b6/gameobject/enemy/Enemy.java,de.dhbw.tinf22b6.gameobject.enemy.Enemy,getLinearVelocity/0,false,294,1,0,0,0,1,1,3,1,0,0,1,0,0,0,0,0,0,0,0,0,0,0,0,0,0,4,1,0,false
/Users/martin/repos/Underwatch/game/core/src/main/de/dhbw/tinf22b6/gameobject/enemy/Enemy.java,de.dhbw.tinf22b6.gameobject.enemy.Enemy,applySteering/0,false,202,3,3,1,2,10,10,28,0,5,0,10,1,1,0,0,0,0,0,7,6,3,2,0,0,0,18,4,0,false
/Users/martin/repos/Underwatch/game/core/src/main/de/dhbw/tinf22b6/gameobject/enemy/Enemy.java,de.dhbw.tinf22b6.gameobject.enemy.Enemy,getMaxLinearAcceleration/0,false,243,0,0,0,0,1,0,3,1,0,0,0,0,0,0,0,0,0,0,0,0,0,0,0,0,0,5,1,0,false
/Users/martin/repos/Underwatch/game/core/src/main/de/dhbw/tinf22b6/gameobject/enemy/Enemy.java,de.dhbw.tinf22b6.gameobject.enemy.Enemy,setMaxLinearAcceleration/1[float],false,248,0,0,0,0,1,0,3,0,0,1,0,0,0,0,0,0,0,0,0,1,0,0,0,0,0,5,1,0,false
/Users/martin/repos/Underwatch/game/core/src/main/de/dhbw/tinf22b6/gameobject/enemy/Enemy.java,de.dhbw.tinf22b6.gameobject.enemy.Enemy,setMaxAngularAcceleration/1[float],false,266,0,0,0,0,1,0,2,0,0,1,0,0,0,0,0,0,0,0,0,0,0,0,0,0,0,5,1,0,false
/Users/martin/repos/Underwatch/game/core/src/main/de/dhbw/tinf22b6/gameobject/enemy/Enemy.java,de.dhbw.tinf22b6.gameobject.enemy.Enemy,getOrientation/0,false,284,0,0,0,0,1,1,3,1,0,0,1,0,0,0,0,0,0,0,0,0,0,0,0,0,0,2,1,0,false
/Users/martin/repos/Underwatch/game/core/src/main/de/dhbw/tinf22b6/gameobject/enemy/Enemy.java,de.dhbw.tinf22b6.gameobject.enemy.Enemy,render/1[de.dhbw.tinf22b6.gameobject.enemy.Batch],false,100,4,3,0,3,5,11,12,0,2,1,11,0,0,0,0,0,4,0,22,2,17,2,0,0,0,9,1,0,false
/Users/martin/repos/Underwatch/game/core/src/main/de/dhbw/tinf22b6/gameobject/enemy/Enemy.java,de.dhbw.tinf22b6.gameobject.enemy.Enemy,hit/0,false,143,1,2,1,1,2,4,8,0,0,0,4,0,0,0,1,0,0,1,2,1,0,1,0,0,0,3,1,0,false
/Users/martin/repos/Underwatch/game/core/src/main/de/dhbw/tinf22b6/gameobject/enemy/Enemy.java,de.dhbw.tinf22b6.gameobject.enemy.Enemy,setMaxAngularSpeed/1[float],false,258,0,0,0,0,1,0,2,0,0,1,0,0,0,0,0,0,0,0,0,0,0,0,0,0,0,5,1,0,false
/Users/martin/repos/Underwatch/game/core/src/main/de/dhbw/tinf22b6/gameobject/enemy/Enemy.java,de.dhbw.tinf22b6.gameobject.enemy.Enemy,getAngularVelocity/0,false,299,0,0,0,0,1,1,3,1,0,0,1,0,0,0,0,0,0,0,0,0,0,0,0,0,0,3,1,0,false
/Users/martin/repos/Underwatch/game/core/src/main/de/dhbw/tinf22b6/gameobject/enemy/Enemy.java,de.dhbw.tinf22b6.gameobject.enemy.Enemy,setTagged/1[boolean],false,314,0,2,2,0,1,0,3,0,0,1,0,0,0,0,0,0,0,0,0,1,0,0,0,0,0,3,1,0,false
/Users/martin/repos/Underwatch/game/core/src/main/de/dhbw/tinf22b6/gameobject/enemy/Enemy.java,de.dhbw.tinf22b6.gameobject.enemy.Enemy,setOrientation/1[float],false,289,1,1,0,1,1,2,3,0,0,1,2,1,1,0,0,0,0,0,0,0,0,0,0,0,0,5,1,0,false
/Users/martin/repos/Underwatch/game/core/src/main/de/dhbw/tinf22b6/gameobject/enemy/Enemy.java,de.dhbw.tinf22b6.gameobject.enemy.Enemy,"angleToVector/2[de.dhbw.tinf22b6.gameobject.enemy.Vector2,float]",false,329,2,1,0,1,1,1,3,1,0,2,1,0,0,0,0,0,0,0,0,0,0,0,0,0,0,4,1,0,false
/Users/martin/repos/Underwatch/game/core/src/main/de/dhbw/tinf22b6/gameobject/enemy/Enemy.java,de.dhbw.tinf22b6.gameobject.enemy.Enemy,getMaxAngularSpeed/0,false,253,0,0,0,0,1,0,3,1,0,0,0,0,0,0,0,0,0,0,1,0,0,0,0,0,0,4,1,0,false
/Users/martin/repos/Underwatch/game/core/src/main/de/dhbw/tinf22b6/gameobject/enemy/Enemy.java,de.dhbw.tinf22b6.gameobject.enemy.Enemy,getPosition/0,false,279,1,3,3,0,1,1,3,1,0,0,1,0,0,0,0,0,0,0,0,0,0,0,0,0,0,3,1,0,false
/Users/martin/repos/Underwatch/game/core/src/main/de/dhbw/tinf22b6/gameobject/enemy/Enemy.java,de.dhbw.tinf22b6.gameobject.enemy.Enemy,getMaxLinearSpeed/0,false,233,0,1,1,0,1,0,3,1,0,0,0,0,0,0,0,0,0,0,0,0,0,0,0,0,0,5,1,0,false
/Users/martin/repos/Underwatch/game/core/src/main/de/dhbw/tinf22b6/gameobject/enemy/Enemy.java,de.dhbw.tinf22b6.gameobject.enemy.Enemy,update/0,false,152,13,11,1,10,8,22,39,1,10,0,22,2,2,1,1,0,0,0,5,12,11,1,0,0,0,38,1,0,false
/Users/martin/repos/Underwatch/game/core/src/main/de/dhbw/tinf22b6/ai/EnemyStateMachine.java,de.dhbw.tinf22b6.ai.EnemyStateMachine,shoot/0,false,138,5,4,0,4,3,5,10,0,2,0,5,0,0,0,1,0,0,0,2,3,2,2,0,0,0,14,2,0,false
/Users/martin/repos/Underwatch/game/core/src/main/de/dhbw/tinf22b6/ai/EnemyStateMachine.java,de.dhbw.tinf22b6.ai.EnemyStateMachine,"EnemyStateMachine/3[de.dhbw.tinf22b6.gameobject.enemy.Enemy,de.dhbw.tinf22b6.ai.World,int[][]]",true,40,8,3,0,3,1,0,9,0,0,3,0,0,0,0,0,0,0,0,0,7,0,0,0,0,0,10,1,0,false
/Users/martin/repos/Underwatch/game/core/src/main/de/dhbw/tinf22b6/ai/EnemyStateMachine.java,de.dhbw.tinf22b6.ai.EnemyStateMachine,rayCast/0,false,152,3,3,1,2,4,5,17,3,5,0,5,0,0,0,3,0,0,0,3,3,0,3,0,0,1,5,2,0,false
/Users/martin/repos/Underwatch/game/core/src/main/de/dhbw/tinf22b6/ai/EnemyStateMachine.java,de.dhbw.tinf22b6.ai.EnemyStateMachine,tick/1[float],false,53,2,2,0,2,5,4,16,0,1,1,4,2,2,0,1,0,0,0,0,5,0,1,0,0,0,14,1,1,false
/Users/martin/repos/Underwatch/game/core/src/main/de/dhbw/tinf22b6/ai/EnemyStateMachine.java,de.dhbw.tinf22b6.ai.EnemyStateMachine,getMovementVector/0,false,80,7,5,1,4,4,9,26,3,4,0,9,1,1,0,1,0,0,2,8,7,10,2,0,0,0,24,2,2,false
/Users/martin/repos/Underwatch/game/core/src/main/de/dhbw/tinf22b6/ai/EnemyStateMachine.java,de.dhbw.tinf22b6.ai.EnemyStateMachine,inRange/1[de.dhbw.tinf22b6.world.tiled.TiledSmoothableGraphPath<de.dhbw.tinf22b6.world.tiled.FlatTiledNode>],false,113,3,2,1,1,5,2,11,1,8,1,2,0,0,0,0,0,0,0,4,8,8,0,0,0,0,16,2,0,false
/Users/martin/repos/Underwatch/game/core/src/main/de/dhbw/tinf22b6/weapon/Ak.java,de.dhbw.tinf22b6.weapon.Ak,Ak/0,true,14,2,2,1,1,1,1,4,0,0,0,1,0,0,0,0,0,0,2,3,1,0,0,0,0,0,1,1,0,false
/Users/martin/repos/Underwatch/game/core/src/main/de/dhbw/tinf22b6/weapon/Ak.java,de.dhbw.tinf22b6.weapon.Ak,shoot/0,false,20,5,5,0,5,3,10,18,1,3,0,10,0,0,0,0,1,1,0,3,3,5,3,0,0,1,15,1,0,false
/Users/martin/repos/Underwatch/game/core/src/main/de/dhbw/tinf22b6/ui/ingame/PauseStage.java,de.dhbw.tinf22b6.ui.ingame.PauseStage$Anonymous1,"clicked/3[de.dhbw.tinf22b6.ui.ingame.InputEvent,float,float]",false,22,2,4,0,4,1,2,4,0,0,3,2,0,0,0,0,0,0,0,0,0,0,0,0,0,0,4,1,0,false
/Users/martin/repos/Underwatch/game/core/src/main/de/dhbw/tinf22b6/ui/ingame/GameOverStage.java,de.dhbw.tinf22b6.ui.ingame.GameOverStage$Anonymous1,"clicked/3[de.dhbw.tinf22b6.ui.ingame.InputEvent,float,float]",false,43,3,4,0,4,2,7,6,0,0,3,7,0,0,0,0,0,0,1,0,0,0,1,0,0,0,11,1,1,false
/Users/martin/repos/Underwatch/game/core/src/main/de/dhbw/tinf22b6/ui/ingame/PauseStage.java,de.dhbw.tinf22b6.ui.ingame.PauseStage$Anonymous2,"clicked/3[de.dhbw.tinf22b6.ui.ingame.InputEvent,float,float]",false,31,2,4,0,4,1,2,4,0,0,3,2,0,0,0,0,0,0,0,0,0,0,0,0,0,0,7,1,0,false
/Users/martin/repos/Underwatch/game/core/src/main/de/dhbw/tinf22b6/ui/ingame/GameOverStage.java,de.dhbw.tinf22b6.ui.ingame.GameOverStage$Anonymous2,"clicked/3[de.dhbw.tinf22b6.ui.ingame.InputEvent,float,float]",false,54,2,4,0,4,1,2,4,0,0,3,2,0,0,0,0,0,0,0,0,0,0,0,0,0,0,7,1,0,false
/Users/martin/repos/Underwatch/game/core/src/main/de/dhbw/tinf22b6/ui/ingame/PauseStage.java,de.dhbw.tinf22b6.ui.ingame.PauseStage,"PauseStage/2[de.dhbw.tinf22b6.screen.GameScreen,de.dhbw.tinf22b6.ui.ingame.Game]",true,16,8,2,1,1,1,7,26,0,4,2,7,0,0,0,0,0,0,2,1,4,0,0,2,0,0,22,1,0,false
/Users/martin/repos/Underwatch/game/core/src/main/de/dhbw/tinf22b6/world/Box2dWorld.java,de.dhbw.tinf22b6.world.Box2dWorld,Box2dWorld/0,true,13,0,0,0,0,1,0,2,0,0,0,0,0,0,0,0,0,0,0,0,0,0,0,0,0,0,2,2,0,false
/Users/martin/repos/Underwatch/game/core/src/main/de/dhbw/tinf22b6/world/Box2dWorld.java,de.dhbw.tinf22b6.world.Box2dWorld,dispose/0,false,25,0,0,0,0,1,1,3,0,0,0,1,0,0,0,0,0,0,0,0,0,0,0,0,0,0,1,1,0,false
/Users/martin/repos/Underwatch/game/core/src/main/de/dhbw/tinf22b6/world/Box2dWorld.java,de.dhbw.tinf22b6.world.Box2dWorld,getWorld/0,false,20,1,13,13,0,1,0,3,1,0,0,0,0,0,0,0,0,0,0,0,0,0,0,0,0,0,3,1,0,false
/Users/martin/repos/Underwatch/game/core/src/main/de/dhbw/tinf22b6/world/Box2dWorld.java,de.dhbw.tinf22b6.world.Box2dWorld,init/0,false,15,2,1,1,0,1,1,4,0,0,0,1,0,0,0,0,0,0,1,2,1,0,0,0,0,0,3,1,1,false
/Users/martin/repos/Underwatch/game/core/src/main/de/dhbw/tinf22b6/gameobject/enemy/MobGameObject.java,de.dhbw.tinf22b6.gameobject.enemy.MobGameObject,"MobGameObject/3[java.lang.String,de.dhbw.tinf22b6.gameobject.enemy.Vector2,short]",true,20,3,1,0,1,1,2,15,0,0,3,2,0,0,0,0,0,0,9,8,4,9,0,0,0,0,10,1,0,false
/Users/martin/repos/Underwatch/game/core/src/main/de/dhbw/tinf22b6/gameobject/enemy/MobGameObject.java,de.dhbw.tinf22b6.gameobject.enemy.MobGameObject,tick/1[float],false,47,0,0,0,0,1,2,4,0,0,1,2,0,0,0,0,0,0,0,0,1,0,0,0,0,0,2,1,0,false
/Users/martin/repos/Underwatch/game/core/src/main/de/dhbw/tinf22b6/gameobject/enemy/MobGameObject.java,de.dhbw.tinf22b6.gameobject.enemy.MobGameObject,setIdle/0,false,60,0,3,3,0,1,0,3,0,0,0,0,0,0,0,0,0,0,0,0,1,0,0,0,0,0,2,1,0,false
/Users/martin/repos/Underwatch/game/core/src/main/de/dhbw/tinf22b6/gameobject/enemy/MobGameObject.java,de.dhbw.tinf22b6.gameobject.enemy.MobGameObject,setDirection/1[de.dhbw.tinf22b6.gameobject.Direction],false,52,1,3,3,0,1,0,3,0,0,1,0,0,0,0,0,0,0,0,0,1,0,0,0,0,0,3,1,0,false
/Users/martin/repos/Underwatch/game/core/src/main/de/dhbw/tinf22b6/gameobject/enemy/MobGameObject.java,de.dhbw.tinf22b6.gameobject.enemy.MobGameObject,setWalking/0,false,56,0,1,1,0,1,0,3,0,0,0,0,0,0,0,0,0,0,0,0,1,0,0,0,0,0,2,1,0,false
/Users/martin/repos/Underwatch/game/core/src/test/de/dhbw/tinf22b6/world/tiled/FlatTiledGraphTest.java,de.dhbw.tinf22b6.world.tiled.FlatTiledGraphTest,testNavigation_3/0,false,106,11,5,0,5,3,12,22,0,15,0,12,1,1,2,0,0,1,2,58,13,6,1,0,0,2,30,0,0,false
/Users/martin/repos/Underwatch/game/core/src/test/de/dhbw/tinf22b6/world/tiled/FlatTiledGraphTest.java,de.dhbw.tinf22b6.world.tiled.FlatTiledGraphTest,testNavigation/0,false,24,11,5,0,5,3,12,23,0,15,0,12,1,1,2,0,0,1,2,58,14,6,1,0,0,2,27,0,0,false
/Users/martin/repos/Underwatch/game/core/src/test/de/dhbw/tinf22b6/world/tiled/FlatTiledGraphTest.java,de.dhbw.tinf22b6.world.tiled.FlatTiledGraphTest,testInitWithDiagonal/0,false,198,5,3,0,3,1,6,12,0,2,0,6,0,0,0,0,0,0,1,14,3,0,0,0,0,0,16,1,0,false
/Users/martin/repos/Underwatch/game/core/src/test/de/dhbw/tinf22b6/world/tiled/FlatTiledGraphTest.java,de.dhbw.tinf22b6.world.tiled.FlatTiledGraphTest,test_getNode/0,false,281,5,3,0,3,1,3,6,0,3,0,3,0,0,0,0,0,0,1,12,3,0,0,0,0,0,13,1,0,false
/Users/martin/repos/Underwatch/game/core/src/test/de/dhbw/tinf22b6/world/tiled/FlatTiledGraphTest.java,de.dhbw.tinf22b6.world.tiled.FlatTiledGraphTest,testNavigation_2/0,false,65,11,5,0,5,3,12,23,0,15,0,12,1,1,2,0,0,1,2,58,14,6,1,0,0,2,28,0,0,false
/Users/martin/repos/Underwatch/game/core/src/test/de/dhbw/tinf22b6/world/tiled/FlatTiledGraphTest.java,de.dhbw.tinf22b6.world.tiled.FlatTiledGraphTest,testInitWithoutDiagonal/0,false,222,4,1,0,1,1,1,6,0,2,0,1,0,0,0,0,0,0,1,9,3,0,0,0,0,0,13,1,0,false
/Users/martin/repos/Underwatch/game/core/src/test/de/dhbw/tinf22b6/world/tiled/FlatTiledGraphTest.java,de.dhbw.tinf22b6.world.tiled.FlatTiledGraphTest,testNavigation_4/0,false,147,11,5,0,5,3,12,22,0,15,0,12,1,1,2,0,0,1,2,58,13,6,1,0,0,2,33,0,0,false
/Users/martin/repos/Underwatch/game/core/src/test/de/dhbw/tinf22b6/world/tiled/FlatTiledGraphTest.java,de.dhbw.tinf22b6.world.tiled.FlatTiledGraphTest,testGetConnections/0,false,261,7,3,0,3,1,4,8,0,4,0,4,0,0,0,0,0,0,1,12,4,0,0,0,0,0,17,1,0,false
/Users/martin/repos/Underwatch/game/core/src/test/de/dhbw/tinf22b6/world/tiled/FlatTiledGraphTest.java,de.dhbw.tinf22b6.world.tiled.FlatTiledGraphTest,"printPathFinderMetrics/2[de.dhbw.tinf22b6.world.tiled.IndexedAStarPathFinder<de.dhbw.tinf22b6.world.tiled.FlatTiledNode>,float]",false,186,1,4,4,0,2,2,9,0,0,2,2,0,0,0,1,0,0,5,0,0,4,1,0,0,0,12,2,0,false
/Users/martin/repos/Underwatch/game/core/src/test/de/dhbw/tinf22b6/world/tiled/FlatTiledGraphTest.java,de.dhbw.tinf22b6.world.tiled.FlatTiledGraphTest,testGetNode/0,false,240,5,2,0,2,1,3,9,0,3,0,3,0,0,0,0,0,0,1,14,3,0,0,0,0,0,15,1,0,false
